#! /nix/store/izfaj4rkgk6i24w2ppnk6khir81i1db2-iverilog-13.0/bin/vvp
:ivl_version "13.0 (stable)" "(v13_0)";
:ivl_delay_selection "TYPICAL";
:vpi_time_precision - 12;
:vpi_module "/nix/store/izfaj4rkgk6i24w2ppnk6khir81i1db2-iverilog-13.0/lib/ivl/system.vpi";
:vpi_module "/nix/store/izfaj4rkgk6i24w2ppnk6khir81i1db2-iverilog-13.0/lib/ivl/vhdl_sys.vpi";
:vpi_module "/nix/store/izfaj4rkgk6i24w2ppnk6khir81i1db2-iverilog-13.0/lib/ivl/vhdl_textio.vpi";
:vpi_module "/nix/store/izfaj4rkgk6i24w2ppnk6khir81i1db2-iverilog-13.0/lib/ivl/v2005_math.vpi";
:vpi_module "/nix/store/izfaj4rkgk6i24w2ppnk6khir81i1db2-iverilog-13.0/lib/ivl/va_math.vpi";
S_0x61c3a8886870 .scope module, "tb_load" "tb_load" 2 77;
 .timescale -9 -12;
v0x61c3a88f0d80_0 .var "clk", 0 0;
v0x61c3a88f0e40_0 .var "ctrl_b", 7 0;
v0x61c3a88f0f20_0 .var/i "dest_idx", 31 0;
v0x61c3a88f0fe0_0 .var/i "errors", 31 0;
v0x61c3a88f10c0_0 .var "exp_ck_l1_25", 31 0;
v0x61c3a88f11f0_0 .var "exp_ck_l1_53", 31 0;
v0x61c3a88f12d0_0 .var "exp_ck_l2_25", 31 0;
v0x61c3a88f13b0_0 .var "exp_ck_l2_53", 31 0;
v0x61c3a88f1490_0 .var "exp_ck_pass", 31 0;
v0x61c3a88f1600_0 .var "exp_l1_25", 31 0;
v0x61c3a88f16e0_0 .var "exp_l1_53", 31 0;
v0x61c3a88f17c0_0 .var "exp_l2_25", 31 0;
v0x61c3a88f18a0_0 .var "exp_l2_53", 31 0;
v0x61c3a88f1980_0 .var "exp_pass", 31 0;
v0x61c3a88f1a60_0 .net "h1_d", 7 0, v0x61c3a88c2860_0;  1 drivers
v0x61c3a88f1b20_0 .net "h1_e", 0 0, v0x61c3a88c2940_0;  1 drivers
v0x61c3a88f1bc0_0 .net "h1_r", 0 0, L_0x61c3a88fd470;  1 drivers
v0x61c3a88f1d70_0 .net "h1_s", 0 0, v0x61c3a88c2ac0_0;  1 drivers
v0x61c3a88f1e10_0 .net "h1_v", 0 0, v0x61c3a88c2b80_0;  1 drivers
v0x61c3a88f1eb0_0 .var/i "i", 31 0;
v0x61c3a88f1f90_0 .net "i1p_d", 7 0, L_0x61c3a88fb9d0;  1 drivers
v0x61c3a88f2050_0 .net "i1p_e", 0 0, L_0x61c3a88fbf90;  1 drivers
v0x61c3a88f20f0_0 .net "i1p_r", 0 0, L_0x61c3a88fc460;  1 drivers
v0x61c3a88f2190_0 .net "i1p_s", 0 0, L_0x61c3a88fbe20;  1 drivers
v0x61c3a88f2230_0 .net "i1p_v", 0 0, L_0x61c3a88fbc90;  1 drivers
v0x61c3a88f22d0_0 .net "i2p_d", 7 0, L_0x61c3a88fce30;  1 drivers
v0x61c3a88f2390_0 .net "i2p_e", 0 0, L_0x61c3a88fd2d0;  1 drivers
v0x61c3a88f2430_0 .net "i2p_r", 0 0, v0x61c3a88f0340_0;  1 drivers
v0x61c3a88f24d0_0 .net "i2p_s", 0 0, L_0x61c3a88fd160;  1 drivers
v0x61c3a88f2570_0 .net "i2p_v", 0 0, L_0x61c3a88fd060;  1 drivers
v0x61c3a88f2610_0 .var/i "inj_bytes", 31 0;
v0x61c3a88f26f0_0 .var/i "inj_cycles", 31 0;
v0x61c3a88f27d0_0 .var "inj_data", 7 0;
v0x61c3a88f2890_0 .var "inj_eop", 0 0;
v0x61c3a88f2980_0 .var/i "inj_pkts", 31 0;
v0x61c3a88f2a60_0 .net "inj_ready", 0 0, L_0x61c3a88fc1c0;  1 drivers
v0x61c3a88f2b50_0 .var "inj_sop", 0 0;
v0x61c3a88f2c40_0 .var "inj_valid", 0 0;
v0x61c3a88f2d30_0 .var "injecting", 0 0;
v0x61c3a88f2df0_0 .net "l1ej2_d", 7 0, L_0x61c3a88fed70;  1 drivers
v0x61c3a88f2f00_0 .net "l1ej2_e", 0 0, L_0x61c3a88ff250;  1 drivers
v0x61c3a88f2ff0_0 .net "l1ej2_s", 0 0, L_0x61c3a88ff060;  1 drivers
v0x61c3a88f30e0_0 .net "l1ej2_v", 0 0, L_0x61c3a88feff0;  1 drivers
v0x61c3a88f31d0_0 .net "l1ej5_d", 7 0, L_0x61c3a8900fb0;  1 drivers
v0x61c3a88f32e0_0 .net "l1ej5_e", 0 0, L_0x61c3a8901490;  1 drivers
v0x61c3a88f33d0_0 .net "l1ej5_s", 0 0, L_0x61c3a89012a0;  1 drivers
v0x61c3a88f34c0_0 .net "l1ej5_v", 0 0, L_0x61c3a8901230;  1 drivers
v0x61c3a88f35b0_0 .net "l1hb_d", 7 0, v0x61c3a88d2c00_0;  1 drivers
v0x61c3a88f3670_0 .net "l1hb_e", 0 0, v0x61c3a88d2ce0_0;  1 drivers
v0x61c3a88f3710_0 .net "l1hb_r", 0 0, L_0x61c3a8900410;  1 drivers
v0x61c3a88f37b0_0 .net "l1hb_s", 0 0, v0x61c3a88d2e60_0;  1 drivers
v0x61c3a88f3850_0 .net "l1hb_v", 0 0, v0x61c3a88d2f20_0;  1 drivers
v0x61c3a88f38f0_0 .net "l1n25_d", 7 0, L_0x61c3a88fe850;  1 drivers
v0x61c3a88f39b0_0 .net "l1n25_e", 0 0, L_0x61c3a88fec70;  1 drivers
v0x61c3a88f3a50_0 .net "l1n25_r", 0 0, L_0x61c3a89058b0;  1 drivers
v0x61c3a88f3af0_0 .net "l1n25_s", 0 0, L_0x61c3a88feb20;  1 drivers
v0x61c3a88f3b90_0 .net "l1n25_v", 0 0, L_0x61c3a88fe9d0;  1 drivers
v0x61c3a88f3c30_0 .net "l1n25b_d", 7 0, v0x61c3a88c01e0_0;  1 drivers
v0x61c3a88f3d40_0 .net "l1n25b_e", 0 0, v0x61c3a88c02c0_0;  1 drivers
v0x61c3a88f3e30_0 .net "l1n25b_r", 0 0, v0x61c3a88e9d30_0;  1 drivers
v0x61c3a88f3f20_0 .net "l1n25b_s", 0 0, v0x61c3a88c0440_0;  1 drivers
v0x61c3a88f4010_0 .net "l1n25b_v", 0 0, v0x61c3a88c0500_0;  1 drivers
v0x61c3a88f4100_0 .net "l1n53_d", 7 0, L_0x61c3a8900a00;  1 drivers
v0x61c3a88f41c0_0 .net "l1n53_e", 0 0, L_0x61c3a8900eb0;  1 drivers
v0x61c3a88f4260_0 .net "l1n53_r", 0 0, L_0x61c3a89059c0;  1 drivers
v0x61c3a88f4710_0 .net "l1n53_s", 0 0, L_0x61c3a8900d60;  1 drivers
v0x61c3a88f47b0_0 .net "l1n53_v", 0 0, L_0x61c3a8900c10;  1 drivers
v0x61c3a88f4850_0 .net "l1n53b_d", 7 0, v0x61c3a88c0d50_0;  1 drivers
v0x61c3a88f4940_0 .net "l1n53b_e", 0 0, v0x61c3a88c0e30_0;  1 drivers
v0x61c3a88f4a30_0 .net "l1n53b_r", 0 0, v0x61c3a88eace0_0;  1 drivers
v0x61c3a88f4b20_0 .net "l1n53b_s", 0 0, v0x61c3a88c0fb0_0;  1 drivers
v0x61c3a88f4c10_0 .net "l1n53b_v", 0 0, v0x61c3a88c1070_0;  1 drivers
v0x61c3a88f4d00_0 .net "l1t2x_d", 7 0, L_0x61c3a88fdc20;  1 drivers
v0x61c3a88f4da0_0 .net "l1t2x_e", 0 0, L_0x61c3a88fe090;  1 drivers
v0x61c3a88f4e40_0 .net "l1t2x_r", 0 0, L_0x61c3a88ff530;  1 drivers
v0x61c3a88f4ee0_0 .net "l1t2x_s", 0 0, L_0x61c3a88fde80;  1 drivers
v0x61c3a88f4f80_0 .net "l1t2x_v", 0 0, L_0x61c3a88fde10;  1 drivers
v0x61c3a88f5020_0 .net "l1t2y_d", 7 0, L_0x61c3a88fd7c0;  1 drivers
v0x61c3a88f50c0_0 .net "l1t2y_e", 0 0, L_0x61c3a88fdbb0;  1 drivers
v0x61c3a88f51f0_0 .net "l1t2y_r", 0 0, L_0x61c3a88ff360;  1 drivers
v0x61c3a88f5320_0 .net "l1t2y_s", 0 0, L_0x61c3a88fdb00;  1 drivers
v0x61c3a88f5450_0 .net "l1t2y_v", 0 0, L_0x61c3a88fd9f0;  1 drivers
v0x61c3a88f5580_0 .net "l1t5x_d", 7 0, L_0x61c3a88fff20;  1 drivers
v0x61c3a88f5620_0 .net "l1t5x_e", 0 0, L_0x61c3a8900310;  1 drivers
v0x61c3a88f56c0_0 .net "l1t5x_r", 0 0, v0x61c3a88ebdf0_0;  1 drivers
v0x61c3a88f5760_0 .net "l1t5x_s", 0 0, L_0x61c3a8900210;  1 drivers
v0x61c3a88f5800_0 .net "l1t5x_v", 0 0, L_0x61c3a8900110;  1 drivers
v0x61c3a88f58a0_0 .net "l1t5y_d", 7 0, L_0x61c3a88ffa10;  1 drivers
v0x61c3a88f59d0_0 .net "l1t5y_e", 0 0, L_0x61c3a88ffe20;  1 drivers
v0x61c3a88f5b00_0 .net "l1t5y_r", 0 0, L_0x61c3a89015a0;  1 drivers
v0x61c3a88f5c30_0 .net "l1t5y_s", 0 0, L_0x61c3a88ffd70;  1 drivers
v0x61c3a88f5d60_0 .net "l1t5y_v", 0 0, L_0x61c3a88ffc60;  1 drivers
v0x61c3a88f5e90_0 .net "l2ej2_d", 7 0, L_0x61c3a8902f40;  1 drivers
v0x61c3a88f5f30_0 .net "l2ej2_e", 0 0, L_0x61c3a8903420;  1 drivers
v0x61c3a88f5fd0_0 .net "l2ej2_s", 0 0, L_0x61c3a8903230;  1 drivers
v0x61c3a88f6070_0 .net "l2ej2_v", 0 0, L_0x61c3a89031c0;  1 drivers
v0x61c3a88f6110_0 .net "l2ej5_d", 7 0, L_0x61c3a8905180;  1 drivers
v0x61c3a88f61b0_0 .net "l2ej5_e", 0 0, L_0x61c3a8905660;  1 drivers
v0x61c3a88f6250_0 .net "l2ej5_s", 0 0, L_0x61c3a8905470;  1 drivers
v0x61c3a88f62f0_0 .net "l2ej5_v", 0 0, L_0x61c3a8905400;  1 drivers
v0x61c3a88f6390_0 .net "l2hb_d", 7 0, v0x61c3a88e1f60_0;  1 drivers
v0x61c3a88f6430_0 .net "l2hb_e", 0 0, v0x61c3a88e2040_0;  1 drivers
v0x61c3a88f64d0_0 .net "l2hb_r", 0 0, L_0x61c3a89045e0;  1 drivers
v0x61c3a88f6570_0 .net "l2hb_s", 0 0, v0x61c3a88e21c0_0;  1 drivers
v0x61c3a88f6610_0 .net "l2hb_v", 0 0, v0x61c3a88e2280_0;  1 drivers
v0x61c3a88f66b0_0 .net "l2n25_d", 7 0, L_0x61c3a8902990;  1 drivers
v0x61c3a88f6750_0 .net "l2n25_e", 0 0, L_0x61c3a8902e40;  1 drivers
v0x61c3a88f67f0_0 .net "l2n25_r", 0 0, v0x61c3a88ecfd0_0;  1 drivers
v0x61c3a88f6890_0 .net "l2n25_s", 0 0, L_0x61c3a8902cf0;  1 drivers
v0x61c3a88f6930_0 .net "l2n25_v", 0 0, L_0x61c3a8902ba0;  1 drivers
v0x61c3a88f69d0_0 .net "l2n53_d", 7 0, L_0x61c3a8904bd0;  1 drivers
v0x61c3a88f6a70_0 .net "l2n53_e", 0 0, L_0x61c3a8905080;  1 drivers
v0x61c3a88f6b10_0 .net "l2n53_r", 0 0, L_0x61c3a8905b20;  1 drivers
v0x61c3a88f6bb0_0 .net "l2n53_s", 0 0, L_0x61c3a8904f30;  1 drivers
v0x61c3a88f6c50_0 .net "l2n53_v", 0 0, L_0x61c3a8904de0;  1 drivers
v0x61c3a88f6cf0_0 .net "l2n53b_d", 7 0, v0x61c3a88c1910_0;  1 drivers
v0x61c3a88f6d90_0 .net "l2n53b_e", 0 0, v0x61c3a88c19f0_0;  1 drivers
v0x61c3a88f6e30_0 .net "l2n53b_r", 0 0, v0x61c3a88ee110_0;  1 drivers
v0x61c3a88f6f20_0 .net "l2n53b_s", 0 0, v0x61c3a88c1b70_0;  1 drivers
v0x61c3a88f7010_0 .net "l2n53b_v", 0 0, v0x61c3a88c1c30_0;  1 drivers
v0x61c3a88f7100_0 .net "l2t2x_d", 7 0, L_0x61c3a8901e70;  1 drivers
v0x61c3a88f71a0_0 .net "l2t2x_e", 0 0, L_0x61c3a89022e0;  1 drivers
v0x61c3a88f7240_0 .net "l2t2x_r", 0 0, L_0x61c3a8903700;  1 drivers
v0x61c3a88f72e0_0 .net "l2t2x_s", 0 0, L_0x61c3a89020d0;  1 drivers
v0x61c3a88f7380_0 .net "l2t2x_v", 0 0, L_0x61c3a8902060;  1 drivers
v0x61c3a88f7420_0 .net "l2t2y_d", 7 0, L_0x61c3a89019f0;  1 drivers
v0x61c3a88f7550_0 .net "l2t2y_e", 0 0, L_0x61c3a8901e00;  1 drivers
v0x61c3a88f7680_0 .net "l2t2y_r", 0 0, L_0x61c3a8903530;  1 drivers
v0x61c3a88f77b0_0 .net "l2t2y_s", 0 0, L_0x61c3a8901d50;  1 drivers
v0x61c3a88f80f0_0 .net "l2t2y_v", 0 0, L_0x61c3a8901c40;  1 drivers
v0x61c3a88f8220_0 .net "l2t5x_d", 7 0, L_0x61c3a89040f0;  1 drivers
v0x61c3a88f82c0_0 .net "l2t5x_e", 0 0, L_0x61c3a89044e0;  1 drivers
v0x61c3a88f8360_0 .net "l2t5x_r", 0 0, v0x61c3a88ef160_0;  1 drivers
v0x61c3a88f8400_0 .net "l2t5x_s", 0 0, L_0x61c3a89043e0;  1 drivers
v0x61c3a88f84a0_0 .net "l2t5x_v", 0 0, L_0x61c3a89042e0;  1 drivers
v0x61c3a88f8540_0 .net "l2t5y_d", 7 0, L_0x61c3a8903be0;  1 drivers
v0x61c3a88f8670_0 .net "l2t5y_e", 0 0, L_0x61c3a8903ff0;  1 drivers
v0x61c3a88f87a0_0 .net "l2t5y_r", 0 0, L_0x61c3a8905770;  1 drivers
v0x61c3a88f88d0_0 .net "l2t5y_s", 0 0, L_0x61c3a8903f40;  1 drivers
v0x61c3a88f8a00_0 .net "l2t5y_v", 0 0, L_0x61c3a8903e30;  1 drivers
v0x61c3a88f8b30_0 .var "layer_b", 7 0;
v0x61c3a88f8bd0_0 .var "mod_b", 7 0;
v0x61c3a88f8c70_0 .net "n1_d", 7 0, L_0x61c3a88fb670;  1 drivers
v0x61c3a88f8da0_0 .net "n1_e", 0 0, L_0x61c3a88fb960;  1 drivers
v0x61c3a88f8ed0_0 .net "n1_r", 0 0, L_0x61c3a88fe100;  1 drivers
v0x61c3a88f9000_0 .net "n1_s", 0 0, v0x61c3a88c5170_0;  1 drivers
v0x61c3a88f9130_0 .net "n1_v", 0 0, L_0x61c3a88fb880;  1 drivers
v0x61c3a88f9260_0 .net "n2_d", 7 0, L_0x61c3a88fca40;  1 drivers
v0x61c3a88f9390_0 .net "n2_e", 0 0, L_0x61c3a88fcd30;  1 drivers
v0x61c3a88f94c0_0 .net "n2_r", 0 0, L_0x61c3a8902350;  1 drivers
v0x61c3a88f95f0_0 .net "n2_s", 0 0, v0x61c3a88c8ae0_0;  1 drivers
v0x61c3a88f9720_0 .net "n2_v", 0 0, L_0x61c3a88fcc00;  1 drivers
v0x61c3a88f9850_0 .var/i "pay_len", 31 0;
v0x61c3a88f98f0_0 .var "rst_n", 0 0;
v0x61c3a88f9990_0 .net "s_l1_25_b", 31 0, v0x61c3a88e9760_0;  1 drivers
v0x61c3a88f9a30_0 .net "s_l1_25_c", 31 0, v0x61c3a88e9860_0;  1 drivers
v0x61c3a88f9ad0_0 .net "s_l1_25_e", 31 0, v0x61c3a88e9aa0_0;  1 drivers
v0x61c3a88f9b70_0 .net "s_l1_25_p", 31 0, v0x61c3a88e9f10_0;  1 drivers
v0x61c3a88f9c10_0 .net "s_l1_25_s", 31 0, v0x61c3a88ea050_0;  1 drivers
v0x61c3a88f9cb0_0 .net "s_l1_53_b", 31 0, v0x61c3a88ea710_0;  1 drivers
v0x61c3a88f9d50_0 .net "s_l1_53_c", 31 0, v0x61c3a88ea810_0;  1 drivers
v0x61c3a88f9df0_0 .net "s_l1_53_e", 31 0, v0x61c3a88eaa50_0;  1 drivers
v0x61c3a88f9e90_0 .net "s_l1_53_p", 31 0, v0x61c3a88eaf20_0;  1 drivers
v0x61c3a88f9f30_0 .net "s_l1_53_s", 31 0, v0x61c3a88eb060_0;  1 drivers
v0x61c3a88f9fd0_0 .net "s_l1x_b", 31 0, v0x61c3a88eb750_0;  1 drivers
v0x61c3a88fa070_0 .net "s_l1x_c", 31 0, v0x61c3a88eb850_0;  1 drivers
v0x61c3a88fa110_0 .net "s_l1x_e", 31 0, v0x61c3a88ebac0_0;  1 drivers
v0x61c3a88fa1b0_0 .net "s_l1x_p", 31 0, v0x61c3a88ec070_0;  1 drivers
v0x61c3a88fa250_0 .net "s_l1x_s", 31 0, v0x61c3a88ec1f0_0;  1 drivers
v0x61c3a88fa2f0_0 .net "s_l2_25_b", 31 0, v0x61c3a88ec960_0;  1 drivers
v0x61c3a88fa390_0 .net "s_l2_25_c", 31 0, v0x61c3a88eca60_0;  1 drivers
v0x61c3a88fa430_0 .net "s_l2_25_e", 31 0, v0x61c3a88ecca0_0;  1 drivers
v0x61c3a88fa4d0_0 .net "s_l2_25_p", 31 0, v0x61c3a88ed250_0;  1 drivers
v0x61c3a88fa570_0 .net "s_l2_25_s", 31 0, v0x61c3a88ed3d0_0;  1 drivers
v0x61c3a88fa640_0 .net "s_l2_53_b", 31 0, v0x61c3a88edb40_0;  1 drivers
v0x61c3a88fa710_0 .net "s_l2_53_c", 31 0, v0x61c3a88edc40_0;  1 drivers
v0x61c3a88fa7e0_0 .net "s_l2_53_e", 31 0, v0x61c3a88ede80_0;  1 drivers
v0x61c3a88fa8b0_0 .net "s_l2_53_p", 31 0, v0x61c3a88ee2f0_0;  1 drivers
v0x61c3a88fa980_0 .net "s_l2_53_s", 31 0, v0x61c3a88ee430_0;  1 drivers
v0x61c3a88faa50_0 .net "s_l2x_b", 31 0, v0x61c3a88eeaf0_0;  1 drivers
v0x61c3a88fab20_0 .net "s_l2x_c", 31 0, v0x61c3a88eebf0_0;  1 drivers
v0x61c3a88fabf0_0 .net "s_l2x_e", 31 0, v0x61c3a88eee30_0;  1 drivers
v0x61c3a88facc0_0 .net "s_l2x_p", 31 0, v0x61c3a88ef3e0_0;  1 drivers
v0x61c3a88fad90_0 .net "s_l2x_s", 31 0, v0x61c3a88ef560_0;  1 drivers
v0x61c3a88fae60_0 .net "s_pass_b", 31 0, v0x61c3a88efcd0_0;  1 drivers
v0x61c3a88faf30_0 .net "s_pass_c", 31 0, v0x61c3a88efdd0_0;  1 drivers
v0x61c3a88fb000_0 .net "s_pass_e", 31 0, v0x61c3a88f0010_0;  1 drivers
v0x61c3a88fb0d0_0 .net "s_pass_p", 31 0, v0x61c3a88f05c0_0;  1 drivers
v0x61c3a88fb1a0_0 .net "s_pass_s", 31 0, v0x61c3a88f0b50_0;  1 drivers
v0x61c3a88fb270_0 .var/i "stall_cycles", 31 0;
S_0x61c3a885f680 .scope task, "check_eq" "check_eq" 2 447, 2 447 0, S_0x61c3a8886870;
 .timescale -9 -12;
v0x61c3a8896580_0 .var/i "exp", 31 0;
v0x61c3a8896650_0 .var/i "got", 31 0;
v0x61c3a888a140_0 .var "name", 255 0;
TD_tb_load.check_eq ;
    %load/vec4 v0x61c3a8896650_0;
    %load/vec4 v0x61c3a8896580_0;
    %cmp/ne;
    %jmp/0xz  T_0.0, 6;
    %vpi_call 2 453 "$display", "FAIL: %0s got %0d expected %0d", v0x61c3a888a140_0, v0x61c3a8896650_0, v0x61c3a8896580_0 {0 0 0};
    %load/vec4 v0x61c3a88f0fe0_0;
    %addi 1, 0, 32;
    %store/vec4 v0x61c3a88f0fe0_0, 0, 32;
    %jmp T_0.1;
T_0.0 ;
    %vpi_call 2 456 "$display", "PASS: %0s = %0d", v0x61c3a888a140_0, v0x61c3a8896650_0 {0 0 0};
T_0.1 ;
    %end;
S_0x61c3a886f400 .scope module, "h_l1_25" "hfr" 2 256, 3 12 0, S_0x61c3a8886870;
 .timescale 0 0;
    .port_info 0 /INPUT 1 "clk";
    .port_info 1 /INPUT 1 "rst_n";
    .port_info 2 /INPUT 8 "in_data";
    .port_info 3 /INPUT 1 "in_valid";
    .port_info 4 /INPUT 1 "in_sop";
    .port_info 5 /INPUT 1 "in_eop";
    .port_info 6 /OUTPUT 1 "in_ready";
    .port_info 7 /OUTPUT 8 "out_data";
    .port_info 8 /OUTPUT 1 "out_valid";
    .port_info 9 /OUTPUT 1 "out_sop";
    .port_info 10 /OUTPUT 1 "out_eop";
    .port_info 11 /INPUT 1 "out_ready";
L_0x61c3a89058b0 .functor OR 1, v0x61c3a88e9d30_0, L_0x61c3a8905810, C4<0>, C4<0>;
v0x61c3a887a3c0_0 .net *"_ivl_1", 0 0, L_0x61c3a8905810;  1 drivers
v0x61c3a886be80_0 .net "clk", 0 0, v0x61c3a88f0d80_0;  1 drivers
v0x61c3a885c100_0 .net "in_data", 7 0, L_0x61c3a88fe850;  alias, 1 drivers
v0x61c3a888a490_0 .net "in_eop", 0 0, L_0x61c3a88fec70;  alias, 1 drivers
v0x61c3a88bff50_0 .net "in_ready", 0 0, L_0x61c3a89058b0;  alias, 1 drivers
v0x61c3a88c0060_0 .net "in_sop", 0 0, L_0x61c3a88feb20;  alias, 1 drivers
v0x61c3a88c0120_0 .net "in_valid", 0 0, L_0x61c3a88fe9d0;  alias, 1 drivers
v0x61c3a88c01e0_0 .var "out_data", 7 0;
v0x61c3a88c02c0_0 .var "out_eop", 0 0;
v0x61c3a88c0380_0 .net "out_ready", 0 0, v0x61c3a88e9d30_0;  alias, 1 drivers
v0x61c3a88c0440_0 .var "out_sop", 0 0;
v0x61c3a88c0500_0 .var "out_valid", 0 0;
v0x61c3a88c05c0_0 .net "rst_n", 0 0, v0x61c3a88f98f0_0;  1 drivers
E_0x61c3a8779f40/0 .event negedge, v0x61c3a88c05c0_0;
E_0x61c3a8779f40/1 .event posedge, v0x61c3a886be80_0;
E_0x61c3a8779f40 .event/or E_0x61c3a8779f40/0, E_0x61c3a8779f40/1;
L_0x61c3a8905810 .reduce/nor v0x61c3a88c0500_0;
S_0x61c3a88685b0 .scope module, "h_l1_53" "hfr" 2 263, 3 12 0, S_0x61c3a8886870;
 .timescale 0 0;
    .port_info 0 /INPUT 1 "clk";
    .port_info 1 /INPUT 1 "rst_n";
    .port_info 2 /INPUT 8 "in_data";
    .port_info 3 /INPUT 1 "in_valid";
    .port_info 4 /INPUT 1 "in_sop";
    .port_info 5 /INPUT 1 "in_eop";
    .port_info 6 /OUTPUT 1 "in_ready";
    .port_info 7 /OUTPUT 8 "out_data";
    .port_info 8 /OUTPUT 1 "out_valid";
    .port_info 9 /OUTPUT 1 "out_sop";
    .port_info 10 /OUTPUT 1 "out_eop";
    .port_info 11 /INPUT 1 "out_ready";
L_0x61c3a89059c0 .functor OR 1, v0x61c3a88eace0_0, L_0x61c3a8905920, C4<0>, C4<0>;
v0x61c3a88c0800_0 .net *"_ivl_1", 0 0, L_0x61c3a8905920;  1 drivers
v0x61c3a88c08c0_0 .net "clk", 0 0, v0x61c3a88f0d80_0;  alias, 1 drivers
v0x61c3a88c0980_0 .net "in_data", 7 0, L_0x61c3a8900a00;  alias, 1 drivers
v0x61c3a88c0a20_0 .net "in_eop", 0 0, L_0x61c3a8900eb0;  alias, 1 drivers
v0x61c3a88c0ac0_0 .net "in_ready", 0 0, L_0x61c3a89059c0;  alias, 1 drivers
v0x61c3a88c0bd0_0 .net "in_sop", 0 0, L_0x61c3a8900d60;  alias, 1 drivers
v0x61c3a88c0c90_0 .net "in_valid", 0 0, L_0x61c3a8900c10;  alias, 1 drivers
v0x61c3a88c0d50_0 .var "out_data", 7 0;
v0x61c3a88c0e30_0 .var "out_eop", 0 0;
v0x61c3a88c0ef0_0 .net "out_ready", 0 0, v0x61c3a88eace0_0;  alias, 1 drivers
v0x61c3a88c0fb0_0 .var "out_sop", 0 0;
v0x61c3a88c1070_0 .var "out_valid", 0 0;
v0x61c3a88c1130_0 .net "rst_n", 0 0, v0x61c3a88f98f0_0;  alias, 1 drivers
L_0x61c3a8905920 .reduce/nor v0x61c3a88c1070_0;
S_0x61c3a888d6c0 .scope module, "h_l2_53" "hfr" 2 270, 3 12 0, S_0x61c3a8886870;
 .timescale 0 0;
    .port_info 0 /INPUT 1 "clk";
    .port_info 1 /INPUT 1 "rst_n";
    .port_info 2 /INPUT 8 "in_data";
    .port_info 3 /INPUT 1 "in_valid";
    .port_info 4 /INPUT 1 "in_sop";
    .port_info 5 /INPUT 1 "in_eop";
    .port_info 6 /OUTPUT 1 "in_ready";
    .port_info 7 /OUTPUT 8 "out_data";
    .port_info 8 /OUTPUT 1 "out_valid";
    .port_info 9 /OUTPUT 1 "out_sop";
    .port_info 10 /OUTPUT 1 "out_eop";
    .port_info 11 /INPUT 1 "out_ready";
L_0x61c3a8905b20 .functor OR 1, v0x61c3a88ee110_0, L_0x61c3a8905a80, C4<0>, C4<0>;
v0x61c3a88c1330_0 .net *"_ivl_1", 0 0, L_0x61c3a8905a80;  1 drivers
v0x61c3a88c1410_0 .net "clk", 0 0, v0x61c3a88f0d80_0;  alias, 1 drivers
v0x61c3a88c1520_0 .net "in_data", 7 0, L_0x61c3a8904bd0;  alias, 1 drivers
v0x61c3a88c15c0_0 .net "in_eop", 0 0, L_0x61c3a8905080;  alias, 1 drivers
v0x61c3a88c1680_0 .net "in_ready", 0 0, L_0x61c3a8905b20;  alias, 1 drivers
v0x61c3a88c1790_0 .net "in_sop", 0 0, L_0x61c3a8904f30;  alias, 1 drivers
v0x61c3a88c1850_0 .net "in_valid", 0 0, L_0x61c3a8904de0;  alias, 1 drivers
v0x61c3a88c1910_0 .var "out_data", 7 0;
v0x61c3a88c19f0_0 .var "out_eop", 0 0;
v0x61c3a88c1ab0_0 .net "out_ready", 0 0, v0x61c3a88ee110_0;  alias, 1 drivers
v0x61c3a88c1b70_0 .var "out_sop", 0 0;
v0x61c3a88c1c30_0 .var "out_valid", 0 0;
v0x61c3a88c1cf0_0 .net "rst_n", 0 0, v0x61c3a88f98f0_0;  alias, 1 drivers
L_0x61c3a8905a80 .reduce/nor v0x61c3a88c1c30_0;
S_0x61c3a88c1f10 .scope module, "h_spine" "hfr" 2 106, 3 12 0, S_0x61c3a8886870;
 .timescale 0 0;
    .port_info 0 /INPUT 1 "clk";
    .port_info 1 /INPUT 1 "rst_n";
    .port_info 2 /INPUT 8 "in_data";
    .port_info 3 /INPUT 1 "in_valid";
    .port_info 4 /INPUT 1 "in_sop";
    .port_info 5 /INPUT 1 "in_eop";
    .port_info 6 /OUTPUT 1 "in_ready";
    .port_info 7 /OUTPUT 8 "out_data";
    .port_info 8 /OUTPUT 1 "out_valid";
    .port_info 9 /OUTPUT 1 "out_sop";
    .port_info 10 /OUTPUT 1 "out_eop";
    .port_info 11 /INPUT 1 "out_ready";
L_0x61c3a88fc460 .functor OR 1, L_0x61c3a88fd470, L_0x61c3a88fc330, C4<0>, C4<0>;
v0x61c3a88c22d0_0 .net *"_ivl_1", 0 0, L_0x61c3a88fc330;  1 drivers
v0x61c3a88c23b0_0 .net "clk", 0 0, v0x61c3a88f0d80_0;  alias, 1 drivers
v0x61c3a88c2470_0 .net "in_data", 7 0, L_0x61c3a88fb9d0;  alias, 1 drivers
v0x61c3a88c2510_0 .net "in_eop", 0 0, L_0x61c3a88fbf90;  alias, 1 drivers
v0x61c3a88c25d0_0 .net "in_ready", 0 0, L_0x61c3a88fc460;  alias, 1 drivers
v0x61c3a88c26e0_0 .net "in_sop", 0 0, L_0x61c3a88fbe20;  alias, 1 drivers
v0x61c3a88c27a0_0 .net "in_valid", 0 0, L_0x61c3a88fbc90;  alias, 1 drivers
v0x61c3a88c2860_0 .var "out_data", 7 0;
v0x61c3a88c2940_0 .var "out_eop", 0 0;
v0x61c3a88c2a00_0 .net "out_ready", 0 0, L_0x61c3a88fd470;  alias, 1 drivers
v0x61c3a88c2ac0_0 .var "out_sop", 0 0;
v0x61c3a88c2b80_0 .var "out_valid", 0 0;
v0x61c3a88c2c40_0 .net "rst_n", 0 0, v0x61c3a88f98f0_0;  alias, 1 drivers
L_0x61c3a88fc330 .reduce/nor v0x61c3a88c2b80_0;
S_0x61c3a88c2e60 .scope module, "ing1" "z_ingress" 2 96, 4 16 0, S_0x61c3a8886870;
 .timescale 0 0;
    .port_info 0 /INPUT 1 "clk";
    .port_info 1 /INPUT 1 "rst_n";
    .port_info 2 /INPUT 8 "spin_data";
    .port_info 3 /INPUT 1 "spin_valid";
    .port_info 4 /INPUT 1 "spin_sop";
    .port_info 5 /INPUT 1 "spin_eop";
    .port_info 6 /OUTPUT 1 "spin_ready";
    .port_info 7 /OUTPUT 8 "spout_data";
    .port_info 8 /OUTPUT 1 "spout_valid";
    .port_info 9 /OUTPUT 1 "spout_sop";
    .port_info 10 /OUTPUT 1 "spout_eop";
    .port_info 11 /INPUT 1 "spout_ready";
    .port_info 12 /OUTPUT 8 "nob_data";
    .port_info 13 /OUTPUT 1 "nob_valid";
    .port_info 14 /OUTPUT 1 "nob_sop";
    .port_info 15 /OUTPUT 1 "nob_eop";
    .port_info 16 /INPUT 1 "nob_ready";
P_0x61c3a8779140 .param/l "LAYER_MASK" 0 4 18, C4<11111111>;
P_0x61c3a8779180 .param/l "LOCAL_LAYER" 0 4 17, C4<00000001>;
v0x61c3a88c5480_0 .net "clk", 0 0, v0x61c3a88f0d80_0;  alias, 1 drivers
v0x61c3a88c5540_0 .net "nob_data", 7 0, L_0x61c3a88fb670;  alias, 1 drivers
v0x61c3a88c5630_0 .net "nob_eop", 0 0, L_0x61c3a88fb960;  alias, 1 drivers
v0x61c3a88c5730_0 .net "nob_ready", 0 0, L_0x61c3a88fe100;  alias, 1 drivers
v0x61c3a88c5800_0 .net "nob_sop", 0 0, v0x61c3a88c5170_0;  alias, 1 drivers
v0x61c3a88c58a0_0 .net "nob_valid", 0 0, L_0x61c3a88fb880;  alias, 1 drivers
v0x61c3a88c5970_0 .net "rst_n", 0 0, v0x61c3a88f98f0_0;  alias, 1 drivers
v0x61c3a88c5a10_0 .net "spin_data", 7 0, v0x61c3a88f27d0_0;  1 drivers
v0x61c3a88c5ae0_0 .net "spin_eop", 0 0, v0x61c3a88f2890_0;  1 drivers
v0x61c3a88c5bb0_0 .net "spin_ready", 0 0, L_0x61c3a88fc1c0;  alias, 1 drivers
v0x61c3a88c5c80_0 .net "spin_sop", 0 0, v0x61c3a88f2b50_0;  1 drivers
v0x61c3a88c5d50_0 .net "spin_valid", 0 0, v0x61c3a88f2c40_0;  1 drivers
v0x61c3a88c5e20_0 .net "spout_data", 7 0, L_0x61c3a88fb9d0;  alias, 1 drivers
v0x61c3a88c5ec0_0 .net "spout_eop", 0 0, L_0x61c3a88fbf90;  alias, 1 drivers
v0x61c3a88c5f60_0 .net "spout_ready", 0 0, L_0x61c3a88fc460;  alias, 1 drivers
v0x61c3a88c6000_0 .net "spout_sop", 0 0, L_0x61c3a88fbe20;  alias, 1 drivers
v0x61c3a88c60f0_0 .net "spout_valid", 0 0, L_0x61c3a88fbc90;  alias, 1 drivers
S_0x61c3a88c30d0 .scope module, "gate" "flit_gate" 4 49, 5 17 0, S_0x61c3a88c2e60;
 .timescale 0 0;
    .port_info 0 /INPUT 1 "clk";
    .port_info 1 /INPUT 1 "rst_n";
    .port_info 2 /INPUT 8 "in_data";
    .port_info 3 /INPUT 1 "in_valid";
    .port_info 4 /INPUT 1 "in_sop";
    .port_info 5 /INPUT 1 "in_eop";
    .port_info 6 /OUTPUT 1 "in_ready";
    .port_info 7 /OUTPUT 8 "match_data";
    .port_info 8 /OUTPUT 1 "match_valid";
    .port_info 9 /OUTPUT 1 "match_sop";
    .port_info 10 /OUTPUT 1 "match_eop";
    .port_info 11 /INPUT 1 "match_ready";
    .port_info 12 /OUTPUT 8 "pass_data";
    .port_info 13 /OUTPUT 1 "pass_valid";
    .port_info 14 /OUTPUT 1 "pass_sop";
    .port_info 15 /OUTPUT 1 "pass_eop";
    .port_info 16 /INPUT 1 "pass_ready";
P_0x61c3a88c32d0 .param/l "MATCH_MASK" 0 5 19, C4<11111111>;
P_0x61c3a88c3310 .param/l "MATCH_VALUE" 0 5 18, C4<00000001>;
P_0x61c3a88c3350 .param/l "STRIP_ON_MATCH" 0 5 20, +C4<00000000000000000000000000000001>;
L_0x7d327b586018 .functor BUFT 1, C4<00000001>, C4<0>, C4<0>, C4<0>;
L_0x61c3a884d150 .functor XOR 8, v0x61c3a88f27d0_0, L_0x7d327b586018, C4<00000000>, C4<00000000>;
L_0x7d327b586060 .functor BUFT 1, C4<11111111>, C4<0>, C4<0>, C4<0>;
L_0x61c3a88fb350 .functor AND 8, L_0x61c3a884d150, L_0x7d327b586060, C4<11111111>, C4<11111111>;
L_0x7d327b5860f0 .functor BUFT 1, C4<1>, C4<0>, C4<0>, C4<0>;
L_0x61c3a88fb500 .functor AND 1, L_0x7d327b5860f0, v0x61c3a88f2b50_0, C4<1>, C4<1>;
L_0x61c3a88fb600 .functor AND 1, L_0x61c3a88fb500, L_0x61c3a88fb460, C4<1>, C4<1>;
L_0x61c3a88fb670 .functor BUFZ 8, v0x61c3a88f27d0_0, C4<00000000>, C4<00000000>, C4<00000000>;
L_0x61c3a88fb770 .functor AND 1, v0x61c3a88f2c40_0, L_0x61c3a88fb460, C4<1>, C4<1>;
L_0x61c3a88fb880 .functor AND 1, L_0x61c3a88fb770, L_0x61c3a88fb7e0, C4<1>, C4<1>;
L_0x61c3a88fb960 .functor BUFZ 1, v0x61c3a88f2890_0, C4<0>, C4<0>, C4<0>;
L_0x61c3a88fb9d0 .functor BUFZ 8, v0x61c3a88f27d0_0, C4<00000000>, C4<00000000>, C4<00000000>;
L_0x61c3a88fbc90 .functor AND 1, v0x61c3a88f2c40_0, L_0x61c3a88fbb30, C4<1>, C4<1>;
L_0x61c3a88fbe20 .functor BUFZ 1, v0x61c3a88f2b50_0, C4<0>, C4<0>, C4<0>;
L_0x61c3a88fbf90 .functor BUFZ 1, v0x61c3a88f2890_0, C4<0>, C4<0>, C4<0>;
v0x61c3a88c3700_0 .net/2u *"_ivl_0", 7 0, L_0x7d327b586018;  1 drivers
v0x61c3a88c3800_0 .net/2u *"_ivl_14", 0 0, L_0x7d327b5860f0;  1 drivers
v0x61c3a88c38e0_0 .net *"_ivl_17", 0 0, L_0x61c3a88fb500;  1 drivers
v0x61c3a88c3980_0 .net *"_ivl_2", 7 0, L_0x61c3a884d150;  1 drivers
v0x61c3a88c3a60_0 .net *"_ivl_23", 0 0, L_0x61c3a88fb770;  1 drivers
v0x61c3a88c3b70_0 .net *"_ivl_25", 0 0, L_0x61c3a88fb7e0;  1 drivers
v0x61c3a88c3c30_0 .net *"_ivl_35", 0 0, L_0x61c3a88fbb30;  1 drivers
v0x61c3a88c3cf0_0 .net/2u *"_ivl_4", 7 0, L_0x7d327b586060;  1 drivers
L_0x7d327b586138 .functor BUFT 1, C4<1>, C4<0>, C4<0>, C4<0>;
v0x61c3a88c3dd0_0 .net/2u *"_ivl_42", 0 0, L_0x7d327b586138;  1 drivers
v0x61c3a88c3f40_0 .net *"_ivl_44", 0 0, L_0x61c3a88fc120;  1 drivers
v0x61c3a88c4020_0 .net *"_ivl_6", 7 0, L_0x61c3a88fb350;  1 drivers
L_0x7d327b5860a8 .functor BUFT 1, C4<00000000>, C4<0>, C4<0>, C4<0>;
v0x61c3a88c4100_0 .net/2u *"_ivl_8", 7 0, L_0x7d327b5860a8;  1 drivers
v0x61c3a88c41e0_0 .net "clk", 0 0, v0x61c3a88f0d80_0;  alias, 1 drivers
v0x61c3a88c4310_0 .net "cmp_match", 0 0, L_0x61c3a88fb3c0;  1 drivers
v0x61c3a88c43d0_0 .net "in_data", 7 0, v0x61c3a88f27d0_0;  alias, 1 drivers
v0x61c3a88c44b0_0 .net "in_eop", 0 0, v0x61c3a88f2890_0;  alias, 1 drivers
v0x61c3a88c4570_0 .net "in_ready", 0 0, L_0x61c3a88fc1c0;  alias, 1 drivers
v0x61c3a88c4630_0 .net "in_sop", 0 0, v0x61c3a88f2b50_0;  alias, 1 drivers
v0x61c3a88c46f0_0 .net "in_valid", 0 0, v0x61c3a88f2c40_0;  alias, 1 drivers
v0x61c3a88c47b0_0 .net "match_data", 7 0, L_0x61c3a88fb670;  alias, 1 drivers
v0x61c3a88c4890_0 .net "match_drop", 0 0, L_0x61c3a88fb600;  1 drivers
v0x61c3a88c4950_0 .net "match_eop", 0 0, L_0x61c3a88fb960;  alias, 1 drivers
v0x61c3a88c4a10_0 .net "match_ready", 0 0, L_0x61c3a88fe100;  alias, 1 drivers
v0x61c3a88c4ad0_0 .net "match_sop", 0 0, v0x61c3a88c5170_0;  alias, 1 drivers
v0x61c3a88c4b90_0 .net "match_valid", 0 0, L_0x61c3a88fb880;  alias, 1 drivers
v0x61c3a88c4c50_0 .net "pass_data", 7 0, L_0x61c3a88fb9d0;  alias, 1 drivers
v0x61c3a88c4d10_0 .net "pass_eop", 0 0, L_0x61c3a88fbf90;  alias, 1 drivers
v0x61c3a88c4db0_0 .net "pass_ready", 0 0, L_0x61c3a88fc460;  alias, 1 drivers
v0x61c3a88c4e50_0 .net "pass_sop", 0 0, L_0x61c3a88fbe20;  alias, 1 drivers
v0x61c3a88c4ef0_0 .net "pass_valid", 0 0, L_0x61c3a88fbc90;  alias, 1 drivers
v0x61c3a88c4f90_0 .net "route_match", 0 0, L_0x61c3a88fb460;  1 drivers
v0x61c3a88c5030_0 .var "route_match_q", 0 0;
v0x61c3a88c50d0_0 .net "rst_n", 0 0, v0x61c3a88f98f0_0;  alias, 1 drivers
v0x61c3a88c5170_0 .var "strip_next_q", 0 0;
L_0x61c3a88fb3c0 .cmp/eq 8, L_0x61c3a88fb350, L_0x7d327b5860a8;
L_0x61c3a88fb460 .functor MUXZ 1, v0x61c3a88c5030_0, L_0x61c3a88fb3c0, v0x61c3a88f2b50_0, C4<>;
L_0x61c3a88fb7e0 .reduce/nor L_0x61c3a88fb600;
L_0x61c3a88fbb30 .reduce/nor L_0x61c3a88fb460;
L_0x61c3a88fc120 .functor MUXZ 1, L_0x61c3a88fe100, L_0x7d327b586138, L_0x61c3a88fb600, C4<>;
L_0x61c3a88fc1c0 .functor MUXZ 1, L_0x61c3a88fc460, L_0x61c3a88fc120, L_0x61c3a88fb460, C4<>;
S_0x61c3a88c62e0 .scope module, "ing2" "z_ingress" 2 114, 4 16 0, S_0x61c3a8886870;
 .timescale 0 0;
    .port_info 0 /INPUT 1 "clk";
    .port_info 1 /INPUT 1 "rst_n";
    .port_info 2 /INPUT 8 "spin_data";
    .port_info 3 /INPUT 1 "spin_valid";
    .port_info 4 /INPUT 1 "spin_sop";
    .port_info 5 /INPUT 1 "spin_eop";
    .port_info 6 /OUTPUT 1 "spin_ready";
    .port_info 7 /OUTPUT 8 "spout_data";
    .port_info 8 /OUTPUT 1 "spout_valid";
    .port_info 9 /OUTPUT 1 "spout_sop";
    .port_info 10 /OUTPUT 1 "spout_eop";
    .port_info 11 /INPUT 1 "spout_ready";
    .port_info 12 /OUTPUT 8 "nob_data";
    .port_info 13 /OUTPUT 1 "nob_valid";
    .port_info 14 /OUTPUT 1 "nob_sop";
    .port_info 15 /OUTPUT 1 "nob_eop";
    .port_info 16 /INPUT 1 "nob_ready";
P_0x61c3a88ac930 .param/l "LAYER_MASK" 0 4 18, C4<11111111>;
P_0x61c3a88ac970 .param/l "LOCAL_LAYER" 0 4 17, C4<00000010>;
v0x61c3a88c8dc0_0 .net "clk", 0 0, v0x61c3a88f0d80_0;  alias, 1 drivers
v0x61c3a88c8e80_0 .net "nob_data", 7 0, L_0x61c3a88fca40;  alias, 1 drivers
v0x61c3a88c8f70_0 .net "nob_eop", 0 0, L_0x61c3a88fcd30;  alias, 1 drivers
v0x61c3a88c9070_0 .net "nob_ready", 0 0, L_0x61c3a8902350;  alias, 1 drivers
v0x61c3a88c9140_0 .net "nob_sop", 0 0, v0x61c3a88c8ae0_0;  alias, 1 drivers
v0x61c3a88c91e0_0 .net "nob_valid", 0 0, L_0x61c3a88fcc00;  alias, 1 drivers
v0x61c3a88c92b0_0 .net "rst_n", 0 0, v0x61c3a88f98f0_0;  alias, 1 drivers
v0x61c3a88c9350_0 .net "spin_data", 7 0, v0x61c3a88c2860_0;  alias, 1 drivers
v0x61c3a88c9440_0 .net "spin_eop", 0 0, v0x61c3a88c2940_0;  alias, 1 drivers
v0x61c3a88c94e0_0 .net "spin_ready", 0 0, L_0x61c3a88fd470;  alias, 1 drivers
v0x61c3a88c95d0_0 .net "spin_sop", 0 0, v0x61c3a88c2ac0_0;  alias, 1 drivers
v0x61c3a88c96c0_0 .net "spin_valid", 0 0, v0x61c3a88c2b80_0;  alias, 1 drivers
v0x61c3a88c97b0_0 .net "spout_data", 7 0, L_0x61c3a88fce30;  alias, 1 drivers
v0x61c3a88c9850_0 .net "spout_eop", 0 0, L_0x61c3a88fd2d0;  alias, 1 drivers
v0x61c3a88c98f0_0 .net "spout_ready", 0 0, v0x61c3a88f0340_0;  alias, 1 drivers
v0x61c3a88c9990_0 .net "spout_sop", 0 0, L_0x61c3a88fd160;  alias, 1 drivers
v0x61c3a88c9a30_0 .net "spout_valid", 0 0, L_0x61c3a88fd060;  alias, 1 drivers
S_0x61c3a88c6860 .scope module, "gate" "flit_gate" 4 49, 5 17 0, S_0x61c3a88c62e0;
 .timescale 0 0;
    .port_info 0 /INPUT 1 "clk";
    .port_info 1 /INPUT 1 "rst_n";
    .port_info 2 /INPUT 8 "in_data";
    .port_info 3 /INPUT 1 "in_valid";
    .port_info 4 /INPUT 1 "in_sop";
    .port_info 5 /INPUT 1 "in_eop";
    .port_info 6 /OUTPUT 1 "in_ready";
    .port_info 7 /OUTPUT 8 "match_data";
    .port_info 8 /OUTPUT 1 "match_valid";
    .port_info 9 /OUTPUT 1 "match_sop";
    .port_info 10 /OUTPUT 1 "match_eop";
    .port_info 11 /INPUT 1 "match_ready";
    .port_info 12 /OUTPUT 8 "pass_data";
    .port_info 13 /OUTPUT 1 "pass_valid";
    .port_info 14 /OUTPUT 1 "pass_sop";
    .port_info 15 /OUTPUT 1 "pass_eop";
    .port_info 16 /INPUT 1 "pass_ready";
P_0x61c3a88c6a60 .param/l "MATCH_MASK" 0 5 19, C4<11111111>;
P_0x61c3a88c6aa0 .param/l "MATCH_VALUE" 0 5 18, C4<00000010>;
P_0x61c3a88c6ae0 .param/l "STRIP_ON_MATCH" 0 5 20, +C4<00000000000000000000000000000001>;
L_0x7d327b586180 .functor BUFT 1, C4<00000010>, C4<0>, C4<0>, C4<0>;
L_0x61c3a88fc560 .functor XOR 8, v0x61c3a88c2860_0, L_0x7d327b586180, C4<00000000>, C4<00000000>;
L_0x7d327b5861c8 .functor BUFT 1, C4<11111111>, C4<0>, C4<0>, C4<0>;
L_0x61c3a88fc660 .functor AND 8, L_0x61c3a88fc560, L_0x7d327b5861c8, C4<11111111>, C4<11111111>;
L_0x7d327b586258 .functor BUFT 1, C4<1>, C4<0>, C4<0>, C4<0>;
L_0x61c3a88fc930 .functor AND 1, L_0x7d327b586258, v0x61c3a88c2ac0_0, C4<1>, C4<1>;
L_0x61c3a88fc9a0 .functor AND 1, L_0x61c3a88fc930, L_0x61c3a88fc770, C4<1>, C4<1>;
L_0x61c3a88fca40 .functor BUFZ 8, v0x61c3a88c2860_0, C4<00000000>, C4<00000000>, C4<00000000>;
L_0x61c3a88fcab0 .functor AND 1, v0x61c3a88c2b80_0, L_0x61c3a88fc770, C4<1>, C4<1>;
L_0x61c3a88fcc00 .functor AND 1, L_0x61c3a88fcab0, L_0x61c3a88fcb60, C4<1>, C4<1>;
L_0x61c3a88fcd30 .functor BUFZ 1, v0x61c3a88c2940_0, C4<0>, C4<0>, C4<0>;
L_0x61c3a88fce30 .functor BUFZ 8, v0x61c3a88c2860_0, C4<00000000>, C4<00000000>, C4<00000000>;
L_0x61c3a88fd060 .functor AND 1, v0x61c3a88c2b80_0, L_0x61c3a88fcf30, C4<1>, C4<1>;
L_0x61c3a88fd160 .functor BUFZ 1, v0x61c3a88c2ac0_0, C4<0>, C4<0>, C4<0>;
L_0x61c3a88fd2d0 .functor BUFZ 1, v0x61c3a88c2940_0, C4<0>, C4<0>, C4<0>;
v0x61c3a88c6f20_0 .net/2u *"_ivl_0", 7 0, L_0x7d327b586180;  1 drivers
v0x61c3a88c7020_0 .net/2u *"_ivl_14", 0 0, L_0x7d327b586258;  1 drivers
v0x61c3a88c7100_0 .net *"_ivl_17", 0 0, L_0x61c3a88fc930;  1 drivers
v0x61c3a88c71a0_0 .net *"_ivl_2", 7 0, L_0x61c3a88fc560;  1 drivers
v0x61c3a88c7280_0 .net *"_ivl_23", 0 0, L_0x61c3a88fcab0;  1 drivers
v0x61c3a88c7390_0 .net *"_ivl_25", 0 0, L_0x61c3a88fcb60;  1 drivers
v0x61c3a88c7450_0 .net *"_ivl_35", 0 0, L_0x61c3a88fcf30;  1 drivers
v0x61c3a88c7510_0 .net/2u *"_ivl_4", 7 0, L_0x7d327b5861c8;  1 drivers
L_0x7d327b5862a0 .functor BUFT 1, C4<1>, C4<0>, C4<0>, C4<0>;
v0x61c3a88c75f0_0 .net/2u *"_ivl_42", 0 0, L_0x7d327b5862a0;  1 drivers
v0x61c3a88c7760_0 .net *"_ivl_44", 0 0, L_0x61c3a88fd3d0;  1 drivers
v0x61c3a88c7840_0 .net *"_ivl_6", 7 0, L_0x61c3a88fc660;  1 drivers
L_0x7d327b586210 .functor BUFT 1, C4<00000000>, C4<0>, C4<0>, C4<0>;
v0x61c3a88c7920_0 .net/2u *"_ivl_8", 7 0, L_0x7d327b586210;  1 drivers
v0x61c3a88c7a00_0 .net "clk", 0 0, v0x61c3a88f0d80_0;  alias, 1 drivers
v0x61c3a88c7aa0_0 .net "cmp_match", 0 0, L_0x61c3a88fc6d0;  1 drivers
v0x61c3a88c7b60_0 .net "in_data", 7 0, v0x61c3a88c2860_0;  alias, 1 drivers
v0x61c3a88c7c20_0 .net "in_eop", 0 0, v0x61c3a88c2940_0;  alias, 1 drivers
v0x61c3a88c7cc0_0 .net "in_ready", 0 0, L_0x61c3a88fd470;  alias, 1 drivers
v0x61c3a88c7d60_0 .net "in_sop", 0 0, v0x61c3a88c2ac0_0;  alias, 1 drivers
v0x61c3a88c7e00_0 .net "in_valid", 0 0, v0x61c3a88c2b80_0;  alias, 1 drivers
v0x61c3a88c7ed0_0 .net "match_data", 7 0, L_0x61c3a88fca40;  alias, 1 drivers
v0x61c3a88c7f70_0 .net "match_drop", 0 0, L_0x61c3a88fc9a0;  1 drivers
v0x61c3a88c8010_0 .net "match_eop", 0 0, L_0x61c3a88fcd30;  alias, 1 drivers
v0x61c3a88c80b0_0 .net "match_ready", 0 0, L_0x61c3a8902350;  alias, 1 drivers
v0x61c3a88c8150_0 .net "match_sop", 0 0, v0x61c3a88c8ae0_0;  alias, 1 drivers
v0x61c3a88c8210_0 .net "match_valid", 0 0, L_0x61c3a88fcc00;  alias, 1 drivers
v0x61c3a88c82d0_0 .net "pass_data", 7 0, L_0x61c3a88fce30;  alias, 1 drivers
v0x61c3a88c83b0_0 .net "pass_eop", 0 0, L_0x61c3a88fd2d0;  alias, 1 drivers
v0x61c3a88c8470_0 .net "pass_ready", 0 0, v0x61c3a88f0340_0;  alias, 1 drivers
v0x61c3a88c8530_0 .net "pass_sop", 0 0, L_0x61c3a88fd160;  alias, 1 drivers
v0x61c3a88c85f0_0 .net "pass_valid", 0 0, L_0x61c3a88fd060;  alias, 1 drivers
v0x61c3a88c86b0_0 .net "route_match", 0 0, L_0x61c3a88fc770;  1 drivers
v0x61c3a88c8770_0 .var "route_match_q", 0 0;
v0x61c3a88c8830_0 .net "rst_n", 0 0, v0x61c3a88f98f0_0;  alias, 1 drivers
v0x61c3a88c8ae0_0 .var "strip_next_q", 0 0;
L_0x61c3a88fc6d0 .cmp/eq 8, L_0x61c3a88fc660, L_0x7d327b586210;
L_0x61c3a88fc770 .functor MUXZ 1, v0x61c3a88c8770_0, L_0x61c3a88fc6d0, v0x61c3a88c2ac0_0, C4<>;
L_0x61c3a88fcb60 .reduce/nor L_0x61c3a88fc9a0;
L_0x61c3a88fcf30 .reduce/nor L_0x61c3a88fc770;
L_0x61c3a88fd3d0 .functor MUXZ 1, L_0x61c3a8902350, L_0x7d327b5862a0, L_0x61c3a88fc9a0, C4<>;
L_0x61c3a88fd470 .functor MUXZ 1, v0x61c3a88f0340_0, L_0x61c3a88fd3d0, L_0x61c3a88fc770, C4<>;
S_0x61c3a88c9bd0 .scope task, "inject_byte" "inject_byte" 2 350, 2 350 0, S_0x61c3a8886870;
 .timescale -9 -12;
v0x61c3a88ca030_0 .var "d", 7 0;
v0x61c3a88ca130_0 .var "eop", 0 0;
v0x61c3a88ca1f0_0 .var "sop", 0 0;
E_0x61c3a877b420 .event negedge, v0x61c3a886be80_0;
TD_tb_load.inject_byte ;
    %wait E_0x61c3a877b420;
    %load/vec4 v0x61c3a88ca030_0;
    %store/vec4 v0x61c3a88f27d0_0, 0, 8;
    %load/vec4 v0x61c3a88ca1f0_0;
    %store/vec4 v0x61c3a88f2b50_0, 0, 1;
    %load/vec4 v0x61c3a88ca130_0;
    %store/vec4 v0x61c3a88f2890_0, 0, 1;
    %pushi/vec4 1, 0, 1;
    %store/vec4 v0x61c3a88f2c40_0, 0, 1;
    %fork t_1, S_0x61c3a88c9df0;
    %jmp t_0;
    .scope S_0x61c3a88c9df0;
t_1 ;
T_1.2 ;
    %wait E_0x61c3a877b000;
    %load/vec4 v0x61c3a88f26f0_0;
    %addi 1, 0, 32;
    %store/vec4 v0x61c3a88f26f0_0, 0, 32;
    %load/vec4 v0x61c3a88f2a60_0;
    %flag_set/vec4 8;
    %jmp/0xz  T_1.4, 8;
    %load/vec4 v0x61c3a88f2610_0;
    %addi 1, 0, 32;
    %store/vec4 v0x61c3a88f2610_0, 0, 32;
    %disable S_0x61c3a88c9df0;
    %jmp T_1.5;
T_1.4 ;
    %load/vec4 v0x61c3a88fb270_0;
    %addi 1, 0, 32;
    %store/vec4 v0x61c3a88fb270_0, 0, 32;
T_1.5 ;
    %jmp T_1.2;
T_1.3 ;
    %end;
    .scope S_0x61c3a88c9bd0;
t_0 %join;
    %wait E_0x61c3a877b420;
    %pushi/vec4 0, 0, 1;
    %store/vec4 v0x61c3a88f2c40_0, 0, 1;
    %pushi/vec4 0, 0, 1;
    %store/vec4 v0x61c3a88f2b50_0, 0, 1;
    %pushi/vec4 0, 0, 1;
    %store/vec4 v0x61c3a88f2890_0, 0, 1;
    %end;
S_0x61c3a88c9df0 .scope begin, "wait_hs" "wait_hs" 2 361, 2 361 0, S_0x61c3a88c9bd0;
 .timescale -9 -12;
E_0x61c3a877b000 .event posedge, v0x61c3a886be80_0;
S_0x61c3a88ca2c0 .scope task, "inject_pkt" "inject_pkt" 2 380, 2 380 0, S_0x61c3a8886870;
 .timescale -9 -12;
v0x61c3a88ca4a0_0 .var "ctrl", 7 0;
v0x61c3a88ca5a0_0 .var/i "k", 31 0;
v0x61c3a88ca680_0 .var "layer", 7 0;
v0x61c3a88ca770_0 .var "mod_id", 7 0;
v0x61c3a88ca850_0 .var "node_ck_add", 31 0;
v0x61c3a88ca930_0 .var "pass_ck_add", 31 0;
v0x61c3a88caa10_0 .var "pb", 7 0;
v0x61c3a88caaf0_0 .var/i "plen", 31 0;
v0x61c3a88cabd0_0 .var "seed", 7 0;
TD_tb_load.inject_pkt ;
    %pushi/vec4 0, 0, 32;
    %store/vec4 v0x61c3a88ca850_0, 0, 32;
    %pushi/vec4 0, 0, 32;
    %store/vec4 v0x61c3a88ca930_0, 0, 32;
    %load/vec4 v0x61c3a88ca680_0;
    %store/vec4 v0x61c3a88ca030_0, 0, 8;
    %pushi/vec4 1, 0, 1;
    %store/vec4 v0x61c3a88ca1f0_0, 0, 1;
    %pushi/vec4 0, 0, 1;
    %store/vec4 v0x61c3a88ca130_0, 0, 1;
    %fork TD_tb_load.inject_byte, S_0x61c3a88c9bd0;
    %join;
    %load/vec4 v0x61c3a88ca930_0;
    %pushi/vec4 0, 0, 24;
    %load/vec4 v0x61c3a88ca680_0;
    %concat/vec4; draw_concat_vec4
    %add;
    %store/vec4 v0x61c3a88ca930_0, 0, 32;
    %load/vec4 v0x61c3a88ca770_0;
    %store/vec4 v0x61c3a88ca030_0, 0, 8;
    %pushi/vec4 0, 0, 1;
    %store/vec4 v0x61c3a88ca1f0_0, 0, 1;
    %pushi/vec4 0, 0, 1;
    %store/vec4 v0x61c3a88ca130_0, 0, 1;
    %fork TD_tb_load.inject_byte, S_0x61c3a88c9bd0;
    %join;
    %load/vec4 v0x61c3a88ca930_0;
    %pushi/vec4 0, 0, 24;
    %load/vec4 v0x61c3a88ca770_0;
    %concat/vec4; draw_concat_vec4
    %add;
    %store/vec4 v0x61c3a88ca930_0, 0, 32;
    %load/vec4 v0x61c3a88ca4a0_0;
    %store/vec4 v0x61c3a88ca030_0, 0, 8;
    %pushi/vec4 0, 0, 1;
    %store/vec4 v0x61c3a88ca1f0_0, 0, 1;
    %pushi/vec4 0, 0, 1;
    %store/vec4 v0x61c3a88ca130_0, 0, 1;
    %fork TD_tb_load.inject_byte, S_0x61c3a88c9bd0;
    %join;
    %load/vec4 v0x61c3a88ca930_0;
    %pushi/vec4 0, 0, 24;
    %load/vec4 v0x61c3a88ca4a0_0;
    %concat/vec4; draw_concat_vec4
    %add;
    %store/vec4 v0x61c3a88ca930_0, 0, 32;
    %load/vec4 v0x61c3a88ca850_0;
    %pushi/vec4 0, 0, 24;
    %load/vec4 v0x61c3a88ca4a0_0;
    %concat/vec4; draw_concat_vec4
    %add;
    %store/vec4 v0x61c3a88ca850_0, 0, 32;
    %load/vec4 v0x61c3a88caaf0_0;
    %parti/s 8, 0, 2;
    %store/vec4 v0x61c3a88ca030_0, 0, 8;
    %pushi/vec4 0, 0, 1;
    %store/vec4 v0x61c3a88ca1f0_0, 0, 1;
    %pushi/vec4 0, 0, 1;
    %store/vec4 v0x61c3a88ca130_0, 0, 1;
    %fork TD_tb_load.inject_byte, S_0x61c3a88c9bd0;
    %join;
    %pushi/vec4 0, 0, 8;
    %store/vec4 v0x61c3a88ca030_0, 0, 8;
    %pushi/vec4 0, 0, 1;
    %store/vec4 v0x61c3a88ca1f0_0, 0, 1;
    %pushi/vec4 0, 0, 1;
    %store/vec4 v0x61c3a88ca130_0, 0, 1;
    %fork TD_tb_load.inject_byte, S_0x61c3a88c9bd0;
    %join;
    %load/vec4 v0x61c3a88ca930_0;
    %pushi/vec4 0, 0, 24;
    %load/vec4 v0x61c3a88caaf0_0;
    %parti/s 8, 0, 2;
    %concat/vec4; draw_concat_vec4
    %add;
    %addi 0, 0, 32;
    %store/vec4 v0x61c3a88ca930_0, 0, 32;
    %load/vec4 v0x61c3a88ca850_0;
    %pushi/vec4 0, 0, 24;
    %load/vec4 v0x61c3a88caaf0_0;
    %parti/s 8, 0, 2;
    %concat/vec4; draw_concat_vec4
    %add;
    %addi 0, 0, 32;
    %store/vec4 v0x61c3a88ca850_0, 0, 32;
    %pushi/vec4 0, 0, 32;
    %store/vec4 v0x61c3a88ca5a0_0, 0, 32;
T_2.6 ; Top of for-loop
    %load/vec4 v0x61c3a88ca5a0_0;
    %load/vec4 v0x61c3a88caaf0_0;
    %cmp/s;
	  %jmp/0xz T_2.7, 5;
    %load/vec4 v0x61c3a88cabd0_0;
    %load/vec4 v0x61c3a88ca5a0_0;
    %parti/s 8, 0, 2;
    %add;
    %store/vec4 v0x61c3a88caa10_0, 0, 8;
    %load/vec4 v0x61c3a88caa10_0;
    %store/vec4 v0x61c3a88ca030_0, 0, 8;
    %pushi/vec4 0, 0, 1;
    %store/vec4 v0x61c3a88ca1f0_0, 0, 1;
    %pushi/vec4 0, 0, 1;
    %store/vec4 v0x61c3a88ca130_0, 0, 1;
    %fork TD_tb_load.inject_byte, S_0x61c3a88c9bd0;
    %join;
    %load/vec4 v0x61c3a88ca930_0;
    %pushi/vec4 0, 0, 24;
    %load/vec4 v0x61c3a88caa10_0;
    %concat/vec4; draw_concat_vec4
    %add;
    %store/vec4 v0x61c3a88ca930_0, 0, 32;
    %load/vec4 v0x61c3a88ca850_0;
    %pushi/vec4 0, 0, 24;
    %load/vec4 v0x61c3a88caa10_0;
    %concat/vec4; draw_concat_vec4
    %add;
    %store/vec4 v0x61c3a88ca850_0, 0, 32;
T_2.8 ; for-loop step statement
    %load/vec4 v0x61c3a88ca5a0_0;
    %addi 1, 0, 32;
    %store/vec4 v0x61c3a88ca5a0_0, 0, 32;
    %jmp T_2.6;
T_2.7 ; for-loop exit label
    %pushi/vec4 165, 0, 8;
    %store/vec4 v0x61c3a88ca030_0, 0, 8;
    %pushi/vec4 0, 0, 1;
    %store/vec4 v0x61c3a88ca1f0_0, 0, 1;
    %pushi/vec4 0, 0, 1;
    %store/vec4 v0x61c3a88ca130_0, 0, 1;
    %fork TD_tb_load.inject_byte, S_0x61c3a88c9bd0;
    %join;
    %pushi/vec4 90, 0, 8;
    %store/vec4 v0x61c3a88ca030_0, 0, 8;
    %pushi/vec4 0, 0, 1;
    %store/vec4 v0x61c3a88ca1f0_0, 0, 1;
    %pushi/vec4 1, 0, 1;
    %store/vec4 v0x61c3a88ca130_0, 0, 1;
    %fork TD_tb_load.inject_byte, S_0x61c3a88c9bd0;
    %join;
    %load/vec4 v0x61c3a88ca930_0;
    %addi 255, 0, 32;
    %store/vec4 v0x61c3a88ca930_0, 0, 32;
    %load/vec4 v0x61c3a88ca850_0;
    %addi 255, 0, 32;
    %store/vec4 v0x61c3a88ca850_0, 0, 32;
    %load/vec4 v0x61c3a88f2980_0;
    %addi 1, 0, 32;
    %store/vec4 v0x61c3a88f2980_0, 0, 32;
    %load/vec4 v0x61c3a88ca680_0;
    %cmpi/e 1, 0, 8;
    %flag_get/vec4 4;
    %jmp/0 T_2.11, 4;
    %load/vec4 v0x61c3a88ca770_0;
    %pushi/vec4 37, 0, 8;
    %cmp/e;
    %flag_get/vec4 4;
    %and;
T_2.11;
    %flag_set/vec4 8;
    %jmp/0xz  T_2.9, 8;
    %load/vec4 v0x61c3a88f1600_0;
    %addi 1, 0, 32;
    %store/vec4 v0x61c3a88f1600_0, 0, 32;
    %load/vec4 v0x61c3a88f10c0_0;
    %load/vec4 v0x61c3a88ca850_0;
    %add;
    %store/vec4 v0x61c3a88f10c0_0, 0, 32;
    %jmp T_2.10;
T_2.9 ;
    %load/vec4 v0x61c3a88ca680_0;
    %cmpi/e 1, 0, 8;
    %flag_get/vec4 4;
    %jmp/0 T_2.14, 4;
    %load/vec4 v0x61c3a88ca770_0;
    %pushi/vec4 83, 0, 8;
    %cmp/e;
    %flag_get/vec4 4;
    %and;
T_2.14;
    %flag_set/vec4 8;
    %jmp/0xz  T_2.12, 8;
    %load/vec4 v0x61c3a88f16e0_0;
    %addi 1, 0, 32;
    %store/vec4 v0x61c3a88f16e0_0, 0, 32;
    %load/vec4 v0x61c3a88f11f0_0;
    %load/vec4 v0x61c3a88ca850_0;
    %add;
    %store/vec4 v0x61c3a88f11f0_0, 0, 32;
    %jmp T_2.13;
T_2.12 ;
    %load/vec4 v0x61c3a88ca680_0;
    %cmpi/e 2, 0, 8;
    %flag_get/vec4 4;
    %jmp/0 T_2.17, 4;
    %load/vec4 v0x61c3a88ca770_0;
    %pushi/vec4 37, 0, 8;
    %cmp/e;
    %flag_get/vec4 4;
    %and;
T_2.17;
    %flag_set/vec4 8;
    %jmp/0xz  T_2.15, 8;
    %load/vec4 v0x61c3a88f17c0_0;
    %addi 1, 0, 32;
    %store/vec4 v0x61c3a88f17c0_0, 0, 32;
    %load/vec4 v0x61c3a88f12d0_0;
    %load/vec4 v0x61c3a88ca850_0;
    %add;
    %store/vec4 v0x61c3a88f12d0_0, 0, 32;
    %jmp T_2.16;
T_2.15 ;
    %load/vec4 v0x61c3a88ca680_0;
    %cmpi/e 2, 0, 8;
    %flag_get/vec4 4;
    %jmp/0 T_2.20, 4;
    %load/vec4 v0x61c3a88ca770_0;
    %pushi/vec4 83, 0, 8;
    %cmp/e;
    %flag_get/vec4 4;
    %and;
T_2.20;
    %flag_set/vec4 8;
    %jmp/0xz  T_2.18, 8;
    %load/vec4 v0x61c3a88f18a0_0;
    %addi 1, 0, 32;
    %store/vec4 v0x61c3a88f18a0_0, 0, 32;
    %load/vec4 v0x61c3a88f13b0_0;
    %load/vec4 v0x61c3a88ca850_0;
    %add;
    %store/vec4 v0x61c3a88f13b0_0, 0, 32;
    %jmp T_2.19;
T_2.18 ;
    %load/vec4 v0x61c3a88ca680_0;
    %cmpi/e 3, 0, 8;
    %jmp/0xz  T_2.21, 4;
    %load/vec4 v0x61c3a88f1980_0;
    %addi 1, 0, 32;
    %store/vec4 v0x61c3a88f1980_0, 0, 32;
    %load/vec4 v0x61c3a88f1490_0;
    %load/vec4 v0x61c3a88ca930_0;
    %add;
    %store/vec4 v0x61c3a88f1490_0, 0, 32;
T_2.21 ;
T_2.19 ;
T_2.16 ;
T_2.13 ;
T_2.10 ;
    %end;
S_0x61c3a88cad40 .scope module, "l1_ej25" "node_eject" 2 145, 6 13 0, S_0x61c3a8886870;
 .timescale 0 0;
    .port_info 0 /INPUT 1 "clk";
    .port_info 1 /INPUT 1 "rst_n";
    .port_info 2 /INPUT 8 "yin_data";
    .port_info 3 /INPUT 1 "yin_valid";
    .port_info 4 /INPUT 1 "yin_sop";
    .port_info 5 /INPUT 1 "yin_eop";
    .port_info 6 /OUTPUT 1 "yin_ready";
    .port_info 7 /OUTPUT 8 "yout_data";
    .port_info 8 /OUTPUT 1 "yout_valid";
    .port_info 9 /OUTPUT 1 "yout_sop";
    .port_info 10 /OUTPUT 1 "yout_eop";
    .port_info 11 /INPUT 1 "yout_ready";
    .port_info 12 /OUTPUT 8 "node_data";
    .port_info 13 /OUTPUT 1 "node_valid";
    .port_info 14 /OUTPUT 1 "node_sop";
    .port_info 15 /OUTPUT 1 "node_eop";
    .port_info 16 /INPUT 1 "node_ready";
P_0x61c3a88caed0 .param/l "LOCAL_MODULE" 0 6 14, C4<00100101>;
v0x61c3a88cda90_0 .net "clk", 0 0, v0x61c3a88f0d80_0;  alias, 1 drivers
v0x61c3a88cdb50_0 .net "node_data", 7 0, L_0x61c3a88fe850;  alias, 1 drivers
v0x61c3a88cdc10_0 .net "node_eop", 0 0, L_0x61c3a88fec70;  alias, 1 drivers
v0x61c3a88cdd00_0 .net "node_ready", 0 0, L_0x61c3a89058b0;  alias, 1 drivers
v0x61c3a88cddf0_0 .net "node_sop", 0 0, L_0x61c3a88feb20;  alias, 1 drivers
v0x61c3a88cdf30_0 .net "node_valid", 0 0, L_0x61c3a88fe9d0;  alias, 1 drivers
v0x61c3a88ce020_0 .net "rst_n", 0 0, v0x61c3a88f98f0_0;  alias, 1 drivers
v0x61c3a88ce0c0_0 .net "yin_data", 7 0, L_0x61c3a88fd7c0;  alias, 1 drivers
v0x61c3a88ce160_0 .net "yin_eop", 0 0, L_0x61c3a88fdbb0;  alias, 1 drivers
v0x61c3a88ce200_0 .net "yin_ready", 0 0, L_0x61c3a88ff360;  alias, 1 drivers
v0x61c3a88ce2a0_0 .net "yin_sop", 0 0, L_0x61c3a88fdb00;  alias, 1 drivers
v0x61c3a88ce340_0 .net "yin_valid", 0 0, L_0x61c3a88fd9f0;  alias, 1 drivers
v0x61c3a88ce3e0_0 .net "yout_data", 7 0, L_0x61c3a88fed70;  alias, 1 drivers
v0x61c3a88ce4b0_0 .net "yout_eop", 0 0, L_0x61c3a88ff250;  alias, 1 drivers
L_0x7d327b586570 .functor BUFT 1, C4<1>, C4<0>, C4<0>, C4<0>;
v0x61c3a88ce580_0 .net "yout_ready", 0 0, L_0x7d327b586570;  1 drivers
v0x61c3a88ce650_0 .net "yout_sop", 0 0, L_0x61c3a88ff060;  alias, 1 drivers
v0x61c3a88ce720_0 .net "yout_valid", 0 0, L_0x61c3a88feff0;  alias, 1 drivers
S_0x61c3a88cb250 .scope module, "gate" "flit_gate" 6 45, 5 17 0, S_0x61c3a88cad40;
 .timescale 0 0;
    .port_info 0 /INPUT 1 "clk";
    .port_info 1 /INPUT 1 "rst_n";
    .port_info 2 /INPUT 8 "in_data";
    .port_info 3 /INPUT 1 "in_valid";
    .port_info 4 /INPUT 1 "in_sop";
    .port_info 5 /INPUT 1 "in_eop";
    .port_info 6 /OUTPUT 1 "in_ready";
    .port_info 7 /OUTPUT 8 "match_data";
    .port_info 8 /OUTPUT 1 "match_valid";
    .port_info 9 /OUTPUT 1 "match_sop";
    .port_info 10 /OUTPUT 1 "match_eop";
    .port_info 11 /INPUT 1 "match_ready";
    .port_info 12 /OUTPUT 8 "pass_data";
    .port_info 13 /OUTPUT 1 "pass_valid";
    .port_info 14 /OUTPUT 1 "pass_sop";
    .port_info 15 /OUTPUT 1 "pass_eop";
    .port_info 16 /INPUT 1 "pass_ready";
P_0x61c3a88cb450 .param/l "MATCH_MASK" 0 5 19, C4<11111111>;
P_0x61c3a88cb490 .param/l "MATCH_VALUE" 0 5 18, C4<00100101>;
P_0x61c3a88cb4d0 .param/l "STRIP_ON_MATCH" 0 5 20, +C4<00000000000000000000000000000001>;
L_0x7d327b586408 .functor BUFT 1, C4<00100101>, C4<0>, C4<0>, C4<0>;
L_0x61c3a88fe2c0 .functor XOR 8, L_0x61c3a88fd7c0, L_0x7d327b586408, C4<00000000>, C4<00000000>;
L_0x7d327b586450 .functor BUFT 1, C4<11111111>, C4<0>, C4<0>, C4<0>;
L_0x61c3a88fe330 .functor AND 8, L_0x61c3a88fe2c0, L_0x7d327b586450, C4<11111111>, C4<11111111>;
L_0x7d327b5864e0 .functor BUFT 1, C4<1>, C4<0>, C4<0>, C4<0>;
L_0x61c3a88fe620 .functor AND 1, L_0x7d327b5864e0, L_0x61c3a88fdb00, C4<1>, C4<1>;
L_0x61c3a88fe710 .functor AND 1, L_0x61c3a88fe620, L_0x61c3a88fe580, C4<1>, C4<1>;
L_0x61c3a88fe850 .functor BUFZ 8, L_0x61c3a88fd7c0, C4<00000000>, C4<00000000>, C4<00000000>;
L_0x61c3a88fe8c0 .functor AND 1, L_0x61c3a88fd9f0, L_0x61c3a88fe580, C4<1>, C4<1>;
L_0x61c3a88fe9d0 .functor AND 1, L_0x61c3a88fe8c0, L_0x61c3a88fe930, C4<1>, C4<1>;
L_0x61c3a88feb20 .functor BUFZ 1, v0x61c3a88cd7b0_0, C4<0>, C4<0>, C4<0>;
L_0x61c3a88fec70 .functor BUFZ 1, L_0x61c3a88fdbb0, C4<0>, C4<0>, C4<0>;
L_0x61c3a88fed70 .functor BUFZ 8, L_0x61c3a88fd7c0, C4<00000000>, C4<00000000>, C4<00000000>;
L_0x61c3a88feff0 .functor AND 1, L_0x61c3a88fd9f0, L_0x61c3a88fef50, C4<1>, C4<1>;
L_0x61c3a88ff060 .functor BUFZ 1, L_0x61c3a88fdb00, C4<0>, C4<0>, C4<0>;
L_0x61c3a88ff250 .functor BUFZ 1, L_0x61c3a88fdbb0, C4<0>, C4<0>, C4<0>;
v0x61c3a88cb910_0 .net/2u *"_ivl_0", 7 0, L_0x7d327b586408;  1 drivers
v0x61c3a88cba10_0 .net/2u *"_ivl_14", 0 0, L_0x7d327b5864e0;  1 drivers
v0x61c3a88cbaf0_0 .net *"_ivl_17", 0 0, L_0x61c3a88fe620;  1 drivers
v0x61c3a88cbbc0_0 .net *"_ivl_2", 7 0, L_0x61c3a88fe2c0;  1 drivers
v0x61c3a88cbca0_0 .net *"_ivl_23", 0 0, L_0x61c3a88fe8c0;  1 drivers
v0x61c3a88cbdb0_0 .net *"_ivl_25", 0 0, L_0x61c3a88fe930;  1 drivers
v0x61c3a88cbe70_0 .net *"_ivl_35", 0 0, L_0x61c3a88fef50;  1 drivers
v0x61c3a88cbf30_0 .net/2u *"_ivl_4", 7 0, L_0x7d327b586450;  1 drivers
L_0x7d327b586528 .functor BUFT 1, C4<1>, C4<0>, C4<0>, C4<0>;
v0x61c3a88cc010_0 .net/2u *"_ivl_42", 0 0, L_0x7d327b586528;  1 drivers
v0x61c3a88cc180_0 .net *"_ivl_44", 0 0, L_0x61c3a88ff2c0;  1 drivers
v0x61c3a88cc260_0 .net *"_ivl_6", 7 0, L_0x61c3a88fe330;  1 drivers
L_0x7d327b586498 .functor BUFT 1, C4<00000000>, C4<0>, C4<0>, C4<0>;
v0x61c3a88cc340_0 .net/2u *"_ivl_8", 7 0, L_0x7d327b586498;  1 drivers
v0x61c3a88cc420_0 .net "clk", 0 0, v0x61c3a88f0d80_0;  alias, 1 drivers
v0x61c3a88cc5d0_0 .net "cmp_match", 0 0, L_0x61c3a88fe4e0;  1 drivers
v0x61c3a88cc690_0 .net "in_data", 7 0, L_0x61c3a88fd7c0;  alias, 1 drivers
v0x61c3a88cc770_0 .net "in_eop", 0 0, L_0x61c3a88fdbb0;  alias, 1 drivers
v0x61c3a88cc830_0 .net "in_ready", 0 0, L_0x61c3a88ff360;  alias, 1 drivers
v0x61c3a88cca00_0 .net "in_sop", 0 0, L_0x61c3a88fdb00;  alias, 1 drivers
v0x61c3a88ccac0_0 .net "in_valid", 0 0, L_0x61c3a88fd9f0;  alias, 1 drivers
v0x61c3a88ccb80_0 .net "match_data", 7 0, L_0x61c3a88fe850;  alias, 1 drivers
v0x61c3a88ccc40_0 .net "match_drop", 0 0, L_0x61c3a88fe710;  1 drivers
v0x61c3a88ccce0_0 .net "match_eop", 0 0, L_0x61c3a88fec70;  alias, 1 drivers
v0x61c3a88ccdb0_0 .net "match_ready", 0 0, L_0x61c3a89058b0;  alias, 1 drivers
v0x61c3a88cce80_0 .net "match_sop", 0 0, L_0x61c3a88feb20;  alias, 1 drivers
v0x61c3a88ccf50_0 .net "match_valid", 0 0, L_0x61c3a88fe9d0;  alias, 1 drivers
v0x61c3a88cd020_0 .net "pass_data", 7 0, L_0x61c3a88fed70;  alias, 1 drivers
v0x61c3a88cd0c0_0 .net "pass_eop", 0 0, L_0x61c3a88ff250;  alias, 1 drivers
v0x61c3a88cd160_0 .net "pass_ready", 0 0, L_0x7d327b586570;  alias, 1 drivers
v0x61c3a88cd200_0 .net "pass_sop", 0 0, L_0x61c3a88ff060;  alias, 1 drivers
v0x61c3a88cd2c0_0 .net "pass_valid", 0 0, L_0x61c3a88feff0;  alias, 1 drivers
v0x61c3a88cd380_0 .net "route_match", 0 0, L_0x61c3a88fe580;  1 drivers
v0x61c3a88cd440_0 .var "route_match_q", 0 0;
v0x61c3a88cd500_0 .net "rst_n", 0 0, v0x61c3a88f98f0_0;  alias, 1 drivers
v0x61c3a88cd7b0_0 .var "strip_next_q", 0 0;
L_0x61c3a88fe4e0 .cmp/eq 8, L_0x61c3a88fe330, L_0x7d327b586498;
L_0x61c3a88fe580 .functor MUXZ 1, v0x61c3a88cd440_0, L_0x61c3a88fe4e0, L_0x61c3a88fdb00, C4<>;
L_0x61c3a88fe930 .reduce/nor L_0x61c3a88fe710;
L_0x61c3a88fef50 .reduce/nor L_0x61c3a88fe580;
L_0x61c3a88ff2c0 .functor MUXZ 1, L_0x61c3a89058b0, L_0x7d327b586528, L_0x61c3a88fe710, C4<>;
L_0x61c3a88ff360 .functor MUXZ 1, L_0x7d327b586570, L_0x61c3a88ff2c0, L_0x61c3a88fe580, C4<>;
S_0x61c3a88cea00 .scope module, "l1_ej53" "node_eject" 2 173, 6 13 0, S_0x61c3a8886870;
 .timescale 0 0;
    .port_info 0 /INPUT 1 "clk";
    .port_info 1 /INPUT 1 "rst_n";
    .port_info 2 /INPUT 8 "yin_data";
    .port_info 3 /INPUT 1 "yin_valid";
    .port_info 4 /INPUT 1 "yin_sop";
    .port_info 5 /INPUT 1 "yin_eop";
    .port_info 6 /OUTPUT 1 "yin_ready";
    .port_info 7 /OUTPUT 8 "yout_data";
    .port_info 8 /OUTPUT 1 "yout_valid";
    .port_info 9 /OUTPUT 1 "yout_sop";
    .port_info 10 /OUTPUT 1 "yout_eop";
    .port_info 11 /INPUT 1 "yout_ready";
    .port_info 12 /OUTPUT 8 "node_data";
    .port_info 13 /OUTPUT 1 "node_valid";
    .port_info 14 /OUTPUT 1 "node_sop";
    .port_info 15 /OUTPUT 1 "node_eop";
    .port_info 16 /INPUT 1 "node_ready";
P_0x61c3a88ceb90 .param/l "LOCAL_MODULE" 0 6 14, C4<01010011>;
v0x61c3a88d14c0_0 .net "clk", 0 0, v0x61c3a88f0d80_0;  alias, 1 drivers
v0x61c3a88d1580_0 .net "node_data", 7 0, L_0x61c3a8900a00;  alias, 1 drivers
v0x61c3a88d1640_0 .net "node_eop", 0 0, L_0x61c3a8900eb0;  alias, 1 drivers
v0x61c3a88d1730_0 .net "node_ready", 0 0, L_0x61c3a89059c0;  alias, 1 drivers
v0x61c3a88d1820_0 .net "node_sop", 0 0, L_0x61c3a8900d60;  alias, 1 drivers
v0x61c3a88d1960_0 .net "node_valid", 0 0, L_0x61c3a8900c10;  alias, 1 drivers
v0x61c3a88d1a50_0 .net "rst_n", 0 0, v0x61c3a88f98f0_0;  alias, 1 drivers
v0x61c3a88d1af0_0 .net "yin_data", 7 0, L_0x61c3a88ffa10;  alias, 1 drivers
v0x61c3a88d1b90_0 .net "yin_eop", 0 0, L_0x61c3a88ffe20;  alias, 1 drivers
v0x61c3a88d1c30_0 .net "yin_ready", 0 0, L_0x61c3a89015a0;  alias, 1 drivers
v0x61c3a88d1cd0_0 .net "yin_sop", 0 0, L_0x61c3a88ffd70;  alias, 1 drivers
v0x61c3a88d1d70_0 .net "yin_valid", 0 0, L_0x61c3a88ffc60;  alias, 1 drivers
v0x61c3a88d1e10_0 .net "yout_data", 7 0, L_0x61c3a8900fb0;  alias, 1 drivers
v0x61c3a88d1ee0_0 .net "yout_eop", 0 0, L_0x61c3a8901490;  alias, 1 drivers
L_0x7d327b586840 .functor BUFT 1, C4<1>, C4<0>, C4<0>, C4<0>;
v0x61c3a88d1fb0_0 .net "yout_ready", 0 0, L_0x7d327b586840;  1 drivers
v0x61c3a88d2080_0 .net "yout_sop", 0 0, L_0x61c3a89012a0;  alias, 1 drivers
v0x61c3a88d2150_0 .net "yout_valid", 0 0, L_0x61c3a8901230;  alias, 1 drivers
S_0x61c3a88ceeb0 .scope module, "gate" "flit_gate" 6 45, 5 17 0, S_0x61c3a88cea00;
 .timescale 0 0;
    .port_info 0 /INPUT 1 "clk";
    .port_info 1 /INPUT 1 "rst_n";
    .port_info 2 /INPUT 8 "in_data";
    .port_info 3 /INPUT 1 "in_valid";
    .port_info 4 /INPUT 1 "in_sop";
    .port_info 5 /INPUT 1 "in_eop";
    .port_info 6 /OUTPUT 1 "in_ready";
    .port_info 7 /OUTPUT 8 "match_data";
    .port_info 8 /OUTPUT 1 "match_valid";
    .port_info 9 /OUTPUT 1 "match_sop";
    .port_info 10 /OUTPUT 1 "match_eop";
    .port_info 11 /INPUT 1 "match_ready";
    .port_info 12 /OUTPUT 8 "pass_data";
    .port_info 13 /OUTPUT 1 "pass_valid";
    .port_info 14 /OUTPUT 1 "pass_sop";
    .port_info 15 /OUTPUT 1 "pass_eop";
    .port_info 16 /INPUT 1 "pass_ready";
P_0x61c3a88cf0b0 .param/l "MATCH_MASK" 0 5 19, C4<11111111>;
P_0x61c3a88cf0f0 .param/l "MATCH_VALUE" 0 5 18, C4<01010011>;
P_0x61c3a88cf130 .param/l "STRIP_ON_MATCH" 0 5 20, +C4<00000000000000000000000000000001>;
L_0x7d327b5866d8 .functor BUFT 1, C4<01010011>, C4<0>, C4<0>, C4<0>;
L_0x61c3a89005d0 .functor XOR 8, L_0x61c3a88ffa10, L_0x7d327b5866d8, C4<00000000>, C4<00000000>;
L_0x7d327b586720 .functor BUFT 1, C4<11111111>, C4<0>, C4<0>, C4<0>;
L_0x61c3a8900640 .functor AND 8, L_0x61c3a89005d0, L_0x7d327b586720, C4<11111111>, C4<11111111>;
L_0x7d327b5867b0 .functor BUFT 1, C4<1>, C4<0>, C4<0>, C4<0>;
L_0x61c3a8900820 .functor AND 1, L_0x7d327b5867b0, L_0x61c3a88ffd70, C4<1>, C4<1>;
L_0x61c3a89008c0 .functor AND 1, L_0x61c3a8900820, L_0x61c3a8900780, C4<1>, C4<1>;
L_0x61c3a8900a00 .functor BUFZ 8, L_0x61c3a88ffa10, C4<00000000>, C4<00000000>, C4<00000000>;
L_0x61c3a8900b00 .functor AND 1, L_0x61c3a88ffc60, L_0x61c3a8900780, C4<1>, C4<1>;
L_0x61c3a8900c10 .functor AND 1, L_0x61c3a8900b00, L_0x61c3a8900b70, C4<1>, C4<1>;
L_0x61c3a8900d60 .functor BUFZ 1, v0x61c3a88d11e0_0, C4<0>, C4<0>, C4<0>;
L_0x61c3a8900eb0 .functor BUFZ 1, L_0x61c3a88ffe20, C4<0>, C4<0>, C4<0>;
L_0x61c3a8900fb0 .functor BUFZ 8, L_0x61c3a88ffa10, C4<00000000>, C4<00000000>, C4<00000000>;
L_0x61c3a8901230 .functor AND 1, L_0x61c3a88ffc60, L_0x61c3a8901190, C4<1>, C4<1>;
L_0x61c3a89012a0 .functor BUFZ 1, L_0x61c3a88ffd70, C4<0>, C4<0>, C4<0>;
L_0x61c3a8901490 .functor BUFZ 1, L_0x61c3a88ffe20, C4<0>, C4<0>, C4<0>;
v0x61c3a88cf4e0_0 .net/2u *"_ivl_0", 7 0, L_0x7d327b5866d8;  1 drivers
v0x61c3a88cf5e0_0 .net/2u *"_ivl_14", 0 0, L_0x7d327b5867b0;  1 drivers
v0x61c3a88cf6c0_0 .net *"_ivl_17", 0 0, L_0x61c3a8900820;  1 drivers
v0x61c3a88cf790_0 .net *"_ivl_2", 7 0, L_0x61c3a89005d0;  1 drivers
v0x61c3a88cf870_0 .net *"_ivl_23", 0 0, L_0x61c3a8900b00;  1 drivers
v0x61c3a88cf980_0 .net *"_ivl_25", 0 0, L_0x61c3a8900b70;  1 drivers
v0x61c3a88cfa40_0 .net *"_ivl_35", 0 0, L_0x61c3a8901190;  1 drivers
v0x61c3a88cfb00_0 .net/2u *"_ivl_4", 7 0, L_0x7d327b586720;  1 drivers
L_0x7d327b5867f8 .functor BUFT 1, C4<1>, C4<0>, C4<0>, C4<0>;
v0x61c3a88cfbe0_0 .net/2u *"_ivl_42", 0 0, L_0x7d327b5867f8;  1 drivers
v0x61c3a88cfcc0_0 .net *"_ivl_44", 0 0, L_0x61c3a8901500;  1 drivers
v0x61c3a88cfda0_0 .net *"_ivl_6", 7 0, L_0x61c3a8900640;  1 drivers
L_0x7d327b586768 .functor BUFT 1, C4<00000000>, C4<0>, C4<0>, C4<0>;
v0x61c3a88cfe80_0 .net/2u *"_ivl_8", 7 0, L_0x7d327b586768;  1 drivers
v0x61c3a88cff60_0 .net "clk", 0 0, v0x61c3a88f0d80_0;  alias, 1 drivers
v0x61c3a88d0000_0 .net "cmp_match", 0 0, L_0x61c3a89006e0;  1 drivers
v0x61c3a88d00c0_0 .net "in_data", 7 0, L_0x61c3a88ffa10;  alias, 1 drivers
v0x61c3a88d01a0_0 .net "in_eop", 0 0, L_0x61c3a88ffe20;  alias, 1 drivers
v0x61c3a88d0260_0 .net "in_ready", 0 0, L_0x61c3a89015a0;  alias, 1 drivers
v0x61c3a88d0430_0 .net "in_sop", 0 0, L_0x61c3a88ffd70;  alias, 1 drivers
v0x61c3a88d04f0_0 .net "in_valid", 0 0, L_0x61c3a88ffc60;  alias, 1 drivers
v0x61c3a88d05b0_0 .net "match_data", 7 0, L_0x61c3a8900a00;  alias, 1 drivers
v0x61c3a88d0670_0 .net "match_drop", 0 0, L_0x61c3a89008c0;  1 drivers
v0x61c3a88d0710_0 .net "match_eop", 0 0, L_0x61c3a8900eb0;  alias, 1 drivers
v0x61c3a88d07e0_0 .net "match_ready", 0 0, L_0x61c3a89059c0;  alias, 1 drivers
v0x61c3a88d08b0_0 .net "match_sop", 0 0, L_0x61c3a8900d60;  alias, 1 drivers
v0x61c3a88d0980_0 .net "match_valid", 0 0, L_0x61c3a8900c10;  alias, 1 drivers
v0x61c3a88d0a50_0 .net "pass_data", 7 0, L_0x61c3a8900fb0;  alias, 1 drivers
v0x61c3a88d0af0_0 .net "pass_eop", 0 0, L_0x61c3a8901490;  alias, 1 drivers
v0x61c3a88d0b90_0 .net "pass_ready", 0 0, L_0x7d327b586840;  alias, 1 drivers
v0x61c3a88d0c30_0 .net "pass_sop", 0 0, L_0x61c3a89012a0;  alias, 1 drivers
v0x61c3a88d0cf0_0 .net "pass_valid", 0 0, L_0x61c3a8901230;  alias, 1 drivers
v0x61c3a88d0db0_0 .net "route_match", 0 0, L_0x61c3a8900780;  1 drivers
v0x61c3a88d0e70_0 .var "route_match_q", 0 0;
v0x61c3a88d0f30_0 .net "rst_n", 0 0, v0x61c3a88f98f0_0;  alias, 1 drivers
v0x61c3a88d11e0_0 .var "strip_next_q", 0 0;
L_0x61c3a89006e0 .cmp/eq 8, L_0x61c3a8900640, L_0x7d327b586768;
L_0x61c3a8900780 .functor MUXZ 1, v0x61c3a88d0e70_0, L_0x61c3a89006e0, L_0x61c3a88ffd70, C4<>;
L_0x61c3a8900b70 .reduce/nor L_0x61c3a89008c0;
L_0x61c3a8901190 .reduce/nor L_0x61c3a8900780;
L_0x61c3a8901500 .functor MUXZ 1, L_0x61c3a89059c0, L_0x7d327b5867f8, L_0x61c3a89008c0, C4<>;
L_0x61c3a89015a0 .functor MUXZ 1, L_0x7d327b586840, L_0x61c3a8901500, L_0x61c3a8900780, C4<>;
S_0x61c3a88d2320 .scope module, "l1_hx" "hfr" 2 155, 3 12 0, S_0x61c3a8886870;
 .timescale 0 0;
    .port_info 0 /INPUT 1 "clk";
    .port_info 1 /INPUT 1 "rst_n";
    .port_info 2 /INPUT 8 "in_data";
    .port_info 3 /INPUT 1 "in_valid";
    .port_info 4 /INPUT 1 "in_sop";
    .port_info 5 /INPUT 1 "in_eop";
    .port_info 6 /OUTPUT 1 "in_ready";
    .port_info 7 /OUTPUT 8 "out_data";
    .port_info 8 /OUTPUT 1 "out_valid";
    .port_info 9 /OUTPUT 1 "out_sop";
    .port_info 10 /OUTPUT 1 "out_eop";
    .port_info 11 /INPUT 1 "out_ready";
L_0x61c3a88ff530 .functor OR 1, L_0x61c3a8900410, L_0x61c3a88ff400, C4<0>, C4<0>;
v0x61c3a88d2640_0 .net *"_ivl_1", 0 0, L_0x61c3a88ff400;  1 drivers
v0x61c3a88d2720_0 .net "clk", 0 0, v0x61c3a88f0d80_0;  alias, 1 drivers
v0x61c3a88d27e0_0 .net "in_data", 7 0, L_0x61c3a88fdc20;  alias, 1 drivers
v0x61c3a88d28b0_0 .net "in_eop", 0 0, L_0x61c3a88fe090;  alias, 1 drivers
v0x61c3a88d2970_0 .net "in_ready", 0 0, L_0x61c3a88ff530;  alias, 1 drivers
v0x61c3a88d2a80_0 .net "in_sop", 0 0, L_0x61c3a88fde80;  alias, 1 drivers
v0x61c3a88d2b40_0 .net "in_valid", 0 0, L_0x61c3a88fde10;  alias, 1 drivers
v0x61c3a88d2c00_0 .var "out_data", 7 0;
v0x61c3a88d2ce0_0 .var "out_eop", 0 0;
v0x61c3a88d2da0_0 .net "out_ready", 0 0, L_0x61c3a8900410;  alias, 1 drivers
v0x61c3a88d2e60_0 .var "out_sop", 0 0;
v0x61c3a88d2f20_0 .var "out_valid", 0 0;
v0x61c3a88d2fe0_0 .net "rst_n", 0 0, v0x61c3a88f98f0_0;  alias, 1 drivers
L_0x61c3a88ff400 .reduce/nor v0x61c3a88d2f20_0;
S_0x61c3a88d3200 .scope module, "l1_turn2" "xy_turn" 2 135, 7 13 0, S_0x61c3a8886870;
 .timescale 0 0;
    .port_info 0 /INPUT 1 "clk";
    .port_info 1 /INPUT 1 "rst_n";
    .port_info 2 /INPUT 8 "xin_data";
    .port_info 3 /INPUT 1 "xin_valid";
    .port_info 4 /INPUT 1 "xin_sop";
    .port_info 5 /INPUT 1 "xin_eop";
    .port_info 6 /OUTPUT 1 "xin_ready";
    .port_info 7 /OUTPUT 8 "xout_data";
    .port_info 8 /OUTPUT 1 "xout_valid";
    .port_info 9 /OUTPUT 1 "xout_sop";
    .port_info 10 /OUTPUT 1 "xout_eop";
    .port_info 11 /INPUT 1 "xout_ready";
    .port_info 12 /OUTPUT 8 "yout_data";
    .port_info 13 /OUTPUT 1 "yout_valid";
    .port_info 14 /OUTPUT 1 "yout_sop";
    .port_info 15 /OUTPUT 1 "yout_eop";
    .port_info 16 /INPUT 1 "yout_ready";
P_0x61c3a88d3390 .param/l "LOCAL_X" 0 7 14, C4<0010>;
v0x61c3a88d5a80_0 .net "clk", 0 0, v0x61c3a88f0d80_0;  alias, 1 drivers
v0x61c3a88d5b40_0 .net "rst_n", 0 0, v0x61c3a88f98f0_0;  alias, 1 drivers
v0x61c3a88d5c00_0 .net "xin_data", 7 0, L_0x61c3a88fb670;  alias, 1 drivers
v0x61c3a88d5ca0_0 .net "xin_eop", 0 0, L_0x61c3a88fb960;  alias, 1 drivers
v0x61c3a88d5d40_0 .net "xin_ready", 0 0, L_0x61c3a88fe100;  alias, 1 drivers
v0x61c3a88d5e30_0 .net "xin_sop", 0 0, v0x61c3a88c5170_0;  alias, 1 drivers
v0x61c3a88d5ed0_0 .net "xin_valid", 0 0, L_0x61c3a88fb880;  alias, 1 drivers
v0x61c3a88d5f70_0 .net "xout_data", 7 0, L_0x61c3a88fdc20;  alias, 1 drivers
v0x61c3a88d6060_0 .net "xout_eop", 0 0, L_0x61c3a88fe090;  alias, 1 drivers
v0x61c3a88d6100_0 .net "xout_ready", 0 0, L_0x61c3a88ff530;  alias, 1 drivers
v0x61c3a88d61f0_0 .net "xout_sop", 0 0, L_0x61c3a88fde80;  alias, 1 drivers
v0x61c3a88d62e0_0 .net "xout_valid", 0 0, L_0x61c3a88fde10;  alias, 1 drivers
v0x61c3a88d63d0_0 .net "yout_data", 7 0, L_0x61c3a88fd7c0;  alias, 1 drivers
v0x61c3a88d6490_0 .net "yout_eop", 0 0, L_0x61c3a88fdbb0;  alias, 1 drivers
v0x61c3a88d6530_0 .net "yout_ready", 0 0, L_0x61c3a88ff360;  alias, 1 drivers
v0x61c3a88d65d0_0 .net "yout_sop", 0 0, L_0x61c3a88fdb00;  alias, 1 drivers
v0x61c3a88d6670_0 .net "yout_valid", 0 0, L_0x61c3a88fd9f0;  alias, 1 drivers
S_0x61c3a88d3730 .scope module, "gate" "flit_gate" 7 45, 5 17 0, S_0x61c3a88d3200;
 .timescale 0 0;
    .port_info 0 /INPUT 1 "clk";
    .port_info 1 /INPUT 1 "rst_n";
    .port_info 2 /INPUT 8 "in_data";
    .port_info 3 /INPUT 1 "in_valid";
    .port_info 4 /INPUT 1 "in_sop";
    .port_info 5 /INPUT 1 "in_eop";
    .port_info 6 /OUTPUT 1 "in_ready";
    .port_info 7 /OUTPUT 8 "match_data";
    .port_info 8 /OUTPUT 1 "match_valid";
    .port_info 9 /OUTPUT 1 "match_sop";
    .port_info 10 /OUTPUT 1 "match_eop";
    .port_info 11 /INPUT 1 "match_ready";
    .port_info 12 /OUTPUT 8 "pass_data";
    .port_info 13 /OUTPUT 1 "pass_valid";
    .port_info 14 /OUTPUT 1 "pass_sop";
    .port_info 15 /OUTPUT 1 "pass_eop";
    .port_info 16 /INPUT 1 "pass_ready";
P_0x61c3a88d3910 .param/l "MATCH_MASK" 0 5 19, C4<11110000>;
P_0x61c3a88d3950 .param/l "MATCH_VALUE" 0 5 18, C4<00100000>;
P_0x61c3a88d3990 .param/l "STRIP_ON_MATCH" 0 5 20, +C4<00000000000000000000000000000000>;
L_0x7d327b5862e8 .functor BUFT 1, C4<00100000>, C4<0>, C4<0>, C4<0>;
L_0x61c3a88fd5a0 .functor XOR 8, L_0x61c3a88fb670, L_0x7d327b5862e8, C4<00000000>, C4<00000000>;
L_0x7d327b586330 .functor BUFT 1, C4<11110000>, C4<0>, C4<0>, C4<0>;
L_0x61c3a88fd610 .functor AND 8, L_0x61c3a88fd5a0, L_0x7d327b586330, C4<11111111>, C4<11111111>;
L_0x61c3a88fd7c0 .functor BUFZ 8, L_0x61c3a88fb670, C4<00000000>, C4<00000000>, C4<00000000>;
L_0x61c3a88fd830 .functor AND 1, L_0x61c3a88fb880, L_0x61c3a88fd720, C4<1>, C4<1>;
L_0x61c3a88fd9f0 .functor AND 1, L_0x61c3a88fd830, L_0x61c3a88fd900, C4<1>, C4<1>;
L_0x61c3a88fdb00 .functor BUFZ 1, v0x61c3a88c5170_0, C4<0>, C4<0>, C4<0>;
L_0x61c3a88fdbb0 .functor BUFZ 1, L_0x61c3a88fb960, C4<0>, C4<0>, C4<0>;
L_0x61c3a88fdc20 .functor BUFZ 8, L_0x61c3a88fb670, C4<00000000>, C4<00000000>, C4<00000000>;
L_0x61c3a88fde10 .functor AND 1, L_0x61c3a88fb880, L_0x61c3a88fdd70, C4<1>, C4<1>;
L_0x61c3a88fde80 .functor BUFZ 1, v0x61c3a88c5170_0, C4<0>, C4<0>, C4<0>;
L_0x61c3a88fe090 .functor BUFZ 1, L_0x61c3a88fb960, C4<0>, C4<0>, C4<0>;
L_0x61c3a8905c20 .functor BUFT 1, L_0x61c3a88ff360, C4<0>, C4<0>, C4<0>;
v0x61c3a88d3dd0_0 .net/2u *"_ivl_0", 7 0, L_0x7d327b5862e8;  1 drivers
v0x61c3a88d3ed0_0 .net *"_ivl_19", 0 0, L_0x61c3a88fd830;  1 drivers
v0x61c3a88d3f90_0 .net *"_ivl_2", 7 0, L_0x61c3a88fd5a0;  1 drivers
v0x61c3a88d4080_0 .net *"_ivl_21", 0 0, L_0x61c3a88fd900;  1 drivers
v0x61c3a88d4140_0 .net *"_ivl_31", 0 0, L_0x61c3a88fdd70;  1 drivers
v0x61c3a88d4250_0 .net/2u *"_ivl_4", 7 0, L_0x7d327b586330;  1 drivers
v0x61c3a88d4330_0 .net *"_ivl_40", 0 0, L_0x61c3a8905c20;  1 drivers
v0x61c3a88d4410_0 .net *"_ivl_6", 7 0, L_0x61c3a88fd610;  1 drivers
L_0x7d327b586378 .functor BUFT 1, C4<00000000>, C4<0>, C4<0>, C4<0>;
v0x61c3a88d44f0_0 .net/2u *"_ivl_8", 7 0, L_0x7d327b586378;  1 drivers
v0x61c3a88d4660_0 .net "clk", 0 0, v0x61c3a88f0d80_0;  alias, 1 drivers
v0x61c3a88d4700_0 .net "cmp_match", 0 0, L_0x61c3a88fd680;  1 drivers
v0x61c3a88d47c0_0 .net "in_data", 7 0, L_0x61c3a88fb670;  alias, 1 drivers
v0x61c3a88d4880_0 .net "in_eop", 0 0, L_0x61c3a88fb960;  alias, 1 drivers
v0x61c3a88d4970_0 .net "in_ready", 0 0, L_0x61c3a88fe100;  alias, 1 drivers
v0x61c3a88d4a60_0 .net "in_sop", 0 0, v0x61c3a88c5170_0;  alias, 1 drivers
v0x61c3a88d4b50_0 .net "in_valid", 0 0, L_0x61c3a88fb880;  alias, 1 drivers
v0x61c3a88d4c40_0 .net "match_data", 7 0, L_0x61c3a88fd7c0;  alias, 1 drivers
L_0x7d327b5863c0 .functor BUFT 1, C4<0>, C4<0>, C4<0>, C4<0>;
v0x61c3a88d4e60_0 .net "match_drop", 0 0, L_0x7d327b5863c0;  1 drivers
v0x61c3a88d4f20_0 .net "match_eop", 0 0, L_0x61c3a88fdbb0;  alias, 1 drivers
v0x61c3a88d5010_0 .net "match_ready", 0 0, L_0x61c3a88ff360;  alias, 1 drivers
v0x61c3a88d5100_0 .net "match_sop", 0 0, L_0x61c3a88fdb00;  alias, 1 drivers
v0x61c3a88d51f0_0 .net "match_valid", 0 0, L_0x61c3a88fd9f0;  alias, 1 drivers
v0x61c3a88d52e0_0 .net "pass_data", 7 0, L_0x61c3a88fdc20;  alias, 1 drivers
v0x61c3a88d53a0_0 .net "pass_eop", 0 0, L_0x61c3a88fe090;  alias, 1 drivers
v0x61c3a88d5440_0 .net "pass_ready", 0 0, L_0x61c3a88ff530;  alias, 1 drivers
v0x61c3a88d54e0_0 .net "pass_sop", 0 0, L_0x61c3a88fde80;  alias, 1 drivers
v0x61c3a88d5580_0 .net "pass_valid", 0 0, L_0x61c3a88fde10;  alias, 1 drivers
v0x61c3a88d5620_0 .net "route_match", 0 0, L_0x61c3a88fd720;  1 drivers
v0x61c3a88d56c0_0 .var "route_match_q", 0 0;
v0x61c3a88d5760_0 .net "rst_n", 0 0, v0x61c3a88f98f0_0;  alias, 1 drivers
v0x61c3a88d5800_0 .var "strip_next_q", 0 0;
L_0x61c3a88fd680 .cmp/eq 8, L_0x61c3a88fd610, L_0x7d327b586378;
L_0x61c3a88fd720 .functor MUXZ 1, v0x61c3a88d56c0_0, L_0x61c3a88fd680, v0x61c3a88c5170_0, C4<>;
L_0x61c3a88fd900 .reduce/nor L_0x7d327b5863c0;
L_0x61c3a88fdd70 .reduce/nor L_0x61c3a88fd720;
L_0x61c3a88fe100 .functor MUXZ 1, L_0x61c3a88ff530, L_0x61c3a8905c20, L_0x61c3a88fd720, C4<>;
S_0x61c3a88d6a40 .scope module, "l1_turn5" "xy_turn" 2 163, 7 13 0, S_0x61c3a8886870;
 .timescale 0 0;
    .port_info 0 /INPUT 1 "clk";
    .port_info 1 /INPUT 1 "rst_n";
    .port_info 2 /INPUT 8 "xin_data";
    .port_info 3 /INPUT 1 "xin_valid";
    .port_info 4 /INPUT 1 "xin_sop";
    .port_info 5 /INPUT 1 "xin_eop";
    .port_info 6 /OUTPUT 1 "xin_ready";
    .port_info 7 /OUTPUT 8 "xout_data";
    .port_info 8 /OUTPUT 1 "xout_valid";
    .port_info 9 /OUTPUT 1 "xout_sop";
    .port_info 10 /OUTPUT 1 "xout_eop";
    .port_info 11 /INPUT 1 "xout_ready";
    .port_info 12 /OUTPUT 8 "yout_data";
    .port_info 13 /OUTPUT 1 "yout_valid";
    .port_info 14 /OUTPUT 1 "yout_sop";
    .port_info 15 /OUTPUT 1 "yout_eop";
    .port_info 16 /INPUT 1 "yout_ready";
P_0x61c3a88d6c20 .param/l "LOCAL_X" 0 7 14, C4<0101>;
v0x61c3a88d9160_0 .net "clk", 0 0, v0x61c3a88f0d80_0;  alias, 1 drivers
v0x61c3a88d9430_0 .net "rst_n", 0 0, v0x61c3a88f98f0_0;  alias, 1 drivers
v0x61c3a88d9700_0 .net "xin_data", 7 0, v0x61c3a88d2c00_0;  alias, 1 drivers
v0x61c3a88d97f0_0 .net "xin_eop", 0 0, v0x61c3a88d2ce0_0;  alias, 1 drivers
v0x61c3a88d98e0_0 .net "xin_ready", 0 0, L_0x61c3a8900410;  alias, 1 drivers
v0x61c3a88d9a20_0 .net "xin_sop", 0 0, v0x61c3a88d2e60_0;  alias, 1 drivers
v0x61c3a88d9b10_0 .net "xin_valid", 0 0, v0x61c3a88d2f20_0;  alias, 1 drivers
v0x61c3a88d9c00_0 .net "xout_data", 7 0, L_0x61c3a88fff20;  alias, 1 drivers
v0x61c3a88d9ca0_0 .net "xout_eop", 0 0, L_0x61c3a8900310;  alias, 1 drivers
v0x61c3a88d9d40_0 .net "xout_ready", 0 0, v0x61c3a88ebdf0_0;  alias, 1 drivers
v0x61c3a88d9de0_0 .net "xout_sop", 0 0, L_0x61c3a8900210;  alias, 1 drivers
v0x61c3a88d9e80_0 .net "xout_valid", 0 0, L_0x61c3a8900110;  alias, 1 drivers
v0x61c3a88d9f20_0 .net "yout_data", 7 0, L_0x61c3a88ffa10;  alias, 1 drivers
v0x61c3a88d9fc0_0 .net "yout_eop", 0 0, L_0x61c3a88ffe20;  alias, 1 drivers
v0x61c3a88da060_0 .net "yout_ready", 0 0, L_0x61c3a89015a0;  alias, 1 drivers
v0x61c3a88da100_0 .net "yout_sop", 0 0, L_0x61c3a88ffd70;  alias, 1 drivers
v0x61c3a88da1a0_0 .net "yout_valid", 0 0, L_0x61c3a88ffc60;  alias, 1 drivers
S_0x61c3a88d6f30 .scope module, "gate" "flit_gate" 7 45, 5 17 0, S_0x61c3a88d6a40;
 .timescale 0 0;
    .port_info 0 /INPUT 1 "clk";
    .port_info 1 /INPUT 1 "rst_n";
    .port_info 2 /INPUT 8 "in_data";
    .port_info 3 /INPUT 1 "in_valid";
    .port_info 4 /INPUT 1 "in_sop";
    .port_info 5 /INPUT 1 "in_eop";
    .port_info 6 /OUTPUT 1 "in_ready";
    .port_info 7 /OUTPUT 8 "match_data";
    .port_info 8 /OUTPUT 1 "match_valid";
    .port_info 9 /OUTPUT 1 "match_sop";
    .port_info 10 /OUTPUT 1 "match_eop";
    .port_info 11 /INPUT 1 "match_ready";
    .port_info 12 /OUTPUT 8 "pass_data";
    .port_info 13 /OUTPUT 1 "pass_valid";
    .port_info 14 /OUTPUT 1 "pass_sop";
    .port_info 15 /OUTPUT 1 "pass_eop";
    .port_info 16 /INPUT 1 "pass_ready";
P_0x61c3a88d7110 .param/l "MATCH_MASK" 0 5 19, C4<11110000>;
P_0x61c3a88d7150 .param/l "MATCH_VALUE" 0 5 18, C4<01010000>;
P_0x61c3a88d7190 .param/l "STRIP_ON_MATCH" 0 5 20, +C4<00000000000000000000000000000000>;
L_0x7d327b5865b8 .functor BUFT 1, C4<01010000>, C4<0>, C4<0>, C4<0>;
L_0x61c3a88ff630 .functor XOR 8, v0x61c3a88d2c00_0, L_0x7d327b5865b8, C4<00000000>, C4<00000000>;
L_0x7d327b586600 .functor BUFT 1, C4<11110000>, C4<0>, C4<0>, C4<0>;
L_0x61c3a88ff730 .functor AND 8, L_0x61c3a88ff630, L_0x7d327b586600, C4<11111111>, C4<11111111>;
L_0x61c3a88ffa10 .functor BUFZ 8, v0x61c3a88d2c00_0, C4<00000000>, C4<00000000>, C4<00000000>;
L_0x61c3a88ffa80 .functor AND 1, v0x61c3a88d2f20_0, L_0x61c3a88ff8e0, C4<1>, C4<1>;
L_0x61c3a88ffc60 .functor AND 1, L_0x61c3a88ffa80, L_0x61c3a88ffb70, C4<1>, C4<1>;
L_0x61c3a88ffd70 .functor BUFZ 1, v0x61c3a88d2e60_0, C4<0>, C4<0>, C4<0>;
L_0x61c3a88ffe20 .functor BUFZ 1, v0x61c3a88d2ce0_0, C4<0>, C4<0>, C4<0>;
L_0x61c3a88fff20 .functor BUFZ 8, v0x61c3a88d2c00_0, C4<00000000>, C4<00000000>, C4<00000000>;
L_0x61c3a8900110 .functor AND 1, v0x61c3a88d2f20_0, L_0x61c3a8900070, C4<1>, C4<1>;
L_0x61c3a8900210 .functor BUFZ 1, v0x61c3a88d2e60_0, C4<0>, C4<0>, C4<0>;
L_0x61c3a8900310 .functor BUFZ 1, v0x61c3a88d2ce0_0, C4<0>, C4<0>, C4<0>;
L_0x61c3a8905d70 .functor BUFT 1, L_0x61c3a89015a0, C4<0>, C4<0>, C4<0>;
v0x61c3a88d75d0_0 .net/2u *"_ivl_0", 7 0, L_0x7d327b5865b8;  1 drivers
v0x61c3a88d76d0_0 .net *"_ivl_19", 0 0, L_0x61c3a88ffa80;  1 drivers
v0x61c3a88d7790_0 .net *"_ivl_2", 7 0, L_0x61c3a88ff630;  1 drivers
v0x61c3a88d7850_0 .net *"_ivl_21", 0 0, L_0x61c3a88ffb70;  1 drivers
v0x61c3a88d7910_0 .net *"_ivl_31", 0 0, L_0x61c3a8900070;  1 drivers
v0x61c3a88d7a20_0 .net/2u *"_ivl_4", 7 0, L_0x7d327b586600;  1 drivers
v0x61c3a88d7b00_0 .net *"_ivl_40", 0 0, L_0x61c3a8905d70;  1 drivers
v0x61c3a88d7be0_0 .net *"_ivl_6", 7 0, L_0x61c3a88ff730;  1 drivers
L_0x7d327b586648 .functor BUFT 1, C4<00000000>, C4<0>, C4<0>, C4<0>;
v0x61c3a88d7cc0_0 .net/2u *"_ivl_8", 7 0, L_0x7d327b586648;  1 drivers
v0x61c3a88d7e30_0 .net "clk", 0 0, v0x61c3a88f0d80_0;  alias, 1 drivers
v0x61c3a88d7ed0_0 .net "cmp_match", 0 0, L_0x61c3a88ff7a0;  1 drivers
v0x61c3a88d7f90_0 .net "in_data", 7 0, v0x61c3a88d2c00_0;  alias, 1 drivers
v0x61c3a88d8050_0 .net "in_eop", 0 0, v0x61c3a88d2ce0_0;  alias, 1 drivers
v0x61c3a88d80f0_0 .net "in_ready", 0 0, L_0x61c3a8900410;  alias, 1 drivers
v0x61c3a88d8190_0 .net "in_sop", 0 0, v0x61c3a88d2e60_0;  alias, 1 drivers
v0x61c3a88d8230_0 .net "in_valid", 0 0, v0x61c3a88d2f20_0;  alias, 1 drivers
v0x61c3a88d82d0_0 .net "match_data", 7 0, L_0x61c3a88ffa10;  alias, 1 drivers
L_0x7d327b586690 .functor BUFT 1, C4<0>, C4<0>, C4<0>, C4<0>;
v0x61c3a88d8480_0 .net "match_drop", 0 0, L_0x7d327b586690;  1 drivers
v0x61c3a88d8520_0 .net "match_eop", 0 0, L_0x61c3a88ffe20;  alias, 1 drivers
v0x61c3a88d8610_0 .net "match_ready", 0 0, L_0x61c3a89015a0;  alias, 1 drivers
v0x61c3a88d8700_0 .net "match_sop", 0 0, L_0x61c3a88ffd70;  alias, 1 drivers
v0x61c3a88d87f0_0 .net "match_valid", 0 0, L_0x61c3a88ffc60;  alias, 1 drivers
v0x61c3a88d88e0_0 .net "pass_data", 7 0, L_0x61c3a88fff20;  alias, 1 drivers
v0x61c3a88d8980_0 .net "pass_eop", 0 0, L_0x61c3a8900310;  alias, 1 drivers
v0x61c3a88d8a20_0 .net "pass_ready", 0 0, v0x61c3a88ebdf0_0;  alias, 1 drivers
v0x61c3a88d8ae0_0 .net "pass_sop", 0 0, L_0x61c3a8900210;  alias, 1 drivers
v0x61c3a88d8ba0_0 .net "pass_valid", 0 0, L_0x61c3a8900110;  alias, 1 drivers
v0x61c3a88d8c60_0 .net "route_match", 0 0, L_0x61c3a88ff8e0;  1 drivers
v0x61c3a88d8d20_0 .var "route_match_q", 0 0;
v0x61c3a88d8de0_0 .net "rst_n", 0 0, v0x61c3a88f98f0_0;  alias, 1 drivers
v0x61c3a88d8e80_0 .var "strip_next_q", 0 0;
L_0x61c3a88ff7a0 .cmp/eq 8, L_0x61c3a88ff730, L_0x7d327b586648;
L_0x61c3a88ff8e0 .functor MUXZ 1, v0x61c3a88d8d20_0, L_0x61c3a88ff7a0, v0x61c3a88d2e60_0, C4<>;
L_0x61c3a88ffb70 .reduce/nor L_0x7d327b586690;
L_0x61c3a8900070 .reduce/nor L_0x61c3a88ff8e0;
L_0x61c3a8900410 .functor MUXZ 1, v0x61c3a88ebdf0_0, L_0x61c3a8905d70, L_0x61c3a88ff8e0, C4<>;
S_0x61c3a88da3e0 .scope module, "l2_ej25" "node_eject" 2 203, 6 13 0, S_0x61c3a8886870;
 .timescale 0 0;
    .port_info 0 /INPUT 1 "clk";
    .port_info 1 /INPUT 1 "rst_n";
    .port_info 2 /INPUT 8 "yin_data";
    .port_info 3 /INPUT 1 "yin_valid";
    .port_info 4 /INPUT 1 "yin_sop";
    .port_info 5 /INPUT 1 "yin_eop";
    .port_info 6 /OUTPUT 1 "yin_ready";
    .port_info 7 /OUTPUT 8 "yout_data";
    .port_info 8 /OUTPUT 1 "yout_valid";
    .port_info 9 /OUTPUT 1 "yout_sop";
    .port_info 10 /OUTPUT 1 "yout_eop";
    .port_info 11 /INPUT 1 "yout_ready";
    .port_info 12 /OUTPUT 8 "node_data";
    .port_info 13 /OUTPUT 1 "node_valid";
    .port_info 14 /OUTPUT 1 "node_sop";
    .port_info 15 /OUTPUT 1 "node_eop";
    .port_info 16 /INPUT 1 "node_ready";
P_0x61c3a88da570 .param/l "LOCAL_MODULE" 0 6 14, C4<00100101>;
v0x61c3a88dced0_0 .net "clk", 0 0, v0x61c3a88f0d80_0;  alias, 1 drivers
v0x61c3a88dcf90_0 .net "node_data", 7 0, L_0x61c3a8902990;  alias, 1 drivers
v0x61c3a88dd050_0 .net "node_eop", 0 0, L_0x61c3a8902e40;  alias, 1 drivers
v0x61c3a88dd0f0_0 .net "node_ready", 0 0, v0x61c3a88ecfd0_0;  alias, 1 drivers
v0x61c3a88dd190_0 .net "node_sop", 0 0, L_0x61c3a8902cf0;  alias, 1 drivers
v0x61c3a88dd230_0 .net "node_valid", 0 0, L_0x61c3a8902ba0;  alias, 1 drivers
v0x61c3a88dd2d0_0 .net "rst_n", 0 0, v0x61c3a88f98f0_0;  alias, 1 drivers
v0x61c3a88dd370_0 .net "yin_data", 7 0, L_0x61c3a89019f0;  alias, 1 drivers
v0x61c3a88dd410_0 .net "yin_eop", 0 0, L_0x61c3a8901e00;  alias, 1 drivers
v0x61c3a88dd4b0_0 .net "yin_ready", 0 0, L_0x61c3a8903530;  alias, 1 drivers
v0x61c3a88dd550_0 .net "yin_sop", 0 0, L_0x61c3a8901d50;  alias, 1 drivers
v0x61c3a88dd5f0_0 .net "yin_valid", 0 0, L_0x61c3a8901c40;  alias, 1 drivers
v0x61c3a88dd6c0_0 .net "yout_data", 7 0, L_0x61c3a8902f40;  alias, 1 drivers
v0x61c3a88dd790_0 .net "yout_eop", 0 0, L_0x61c3a8903420;  alias, 1 drivers
L_0x7d327b586b10 .functor BUFT 1, C4<1>, C4<0>, C4<0>, C4<0>;
v0x61c3a88dd860_0 .net "yout_ready", 0 0, L_0x7d327b586b10;  1 drivers
v0x61c3a88dd930_0 .net "yout_sop", 0 0, L_0x61c3a8903230;  alias, 1 drivers
v0x61c3a88dda00_0 .net "yout_valid", 0 0, L_0x61c3a89031c0;  alias, 1 drivers
S_0x61c3a88da860 .scope module, "gate" "flit_gate" 6 45, 5 17 0, S_0x61c3a88da3e0;
 .timescale 0 0;
    .port_info 0 /INPUT 1 "clk";
    .port_info 1 /INPUT 1 "rst_n";
    .port_info 2 /INPUT 8 "in_data";
    .port_info 3 /INPUT 1 "in_valid";
    .port_info 4 /INPUT 1 "in_sop";
    .port_info 5 /INPUT 1 "in_eop";
    .port_info 6 /OUTPUT 1 "in_ready";
    .port_info 7 /OUTPUT 8 "match_data";
    .port_info 8 /OUTPUT 1 "match_valid";
    .port_info 9 /OUTPUT 1 "match_sop";
    .port_info 10 /OUTPUT 1 "match_eop";
    .port_info 11 /INPUT 1 "match_ready";
    .port_info 12 /OUTPUT 8 "pass_data";
    .port_info 13 /OUTPUT 1 "pass_valid";
    .port_info 14 /OUTPUT 1 "pass_sop";
    .port_info 15 /OUTPUT 1 "pass_eop";
    .port_info 16 /INPUT 1 "pass_ready";
P_0x61c3a88daa60 .param/l "MATCH_MASK" 0 5 19, C4<11111111>;
P_0x61c3a88daaa0 .param/l "MATCH_VALUE" 0 5 18, C4<00100101>;
P_0x61c3a88daae0 .param/l "STRIP_ON_MATCH" 0 5 20, +C4<00000000000000000000000000000001>;
L_0x7d327b5869a8 .functor BUFT 1, C4<00100101>, C4<0>, C4<0>, C4<0>;
L_0x61c3a8902510 .functor XOR 8, L_0x61c3a89019f0, L_0x7d327b5869a8, C4<00000000>, C4<00000000>;
L_0x7d327b5869f0 .functor BUFT 1, C4<11111111>, C4<0>, C4<0>, C4<0>;
L_0x61c3a8902580 .functor AND 8, L_0x61c3a8902510, L_0x7d327b5869f0, C4<11111111>, C4<11111111>;
L_0x7d327b586a80 .functor BUFT 1, C4<1>, C4<0>, C4<0>, C4<0>;
L_0x61c3a8902760 .functor AND 1, L_0x7d327b586a80, L_0x61c3a8901d50, C4<1>, C4<1>;
L_0x61c3a8902850 .functor AND 1, L_0x61c3a8902760, L_0x61c3a89026c0, C4<1>, C4<1>;
L_0x61c3a8902990 .functor BUFZ 8, L_0x61c3a89019f0, C4<00000000>, C4<00000000>, C4<00000000>;
L_0x61c3a8902a90 .functor AND 1, L_0x61c3a8901c40, L_0x61c3a89026c0, C4<1>, C4<1>;
L_0x61c3a8902ba0 .functor AND 1, L_0x61c3a8902a90, L_0x61c3a8902b00, C4<1>, C4<1>;
L_0x61c3a8902cf0 .functor BUFZ 1, v0x61c3a88dcbf0_0, C4<0>, C4<0>, C4<0>;
L_0x61c3a8902e40 .functor BUFZ 1, L_0x61c3a8901e00, C4<0>, C4<0>, C4<0>;
L_0x61c3a8902f40 .functor BUFZ 8, L_0x61c3a89019f0, C4<00000000>, C4<00000000>, C4<00000000>;
L_0x61c3a89031c0 .functor AND 1, L_0x61c3a8901c40, L_0x61c3a8903120, C4<1>, C4<1>;
L_0x61c3a8903230 .functor BUFZ 1, L_0x61c3a8901d50, C4<0>, C4<0>, C4<0>;
L_0x61c3a8903420 .functor BUFZ 1, L_0x61c3a8901e00, C4<0>, C4<0>, C4<0>;
v0x61c3a88daf20_0 .net/2u *"_ivl_0", 7 0, L_0x7d327b5869a8;  1 drivers
v0x61c3a88db020_0 .net/2u *"_ivl_14", 0 0, L_0x7d327b586a80;  1 drivers
v0x61c3a88db100_0 .net *"_ivl_17", 0 0, L_0x61c3a8902760;  1 drivers
v0x61c3a88db1a0_0 .net *"_ivl_2", 7 0, L_0x61c3a8902510;  1 drivers
v0x61c3a88db280_0 .net *"_ivl_23", 0 0, L_0x61c3a8902a90;  1 drivers
v0x61c3a88db390_0 .net *"_ivl_25", 0 0, L_0x61c3a8902b00;  1 drivers
v0x61c3a88db450_0 .net *"_ivl_35", 0 0, L_0x61c3a8903120;  1 drivers
v0x61c3a88db510_0 .net/2u *"_ivl_4", 7 0, L_0x7d327b5869f0;  1 drivers
L_0x7d327b586ac8 .functor BUFT 1, C4<1>, C4<0>, C4<0>, C4<0>;
v0x61c3a88db5f0_0 .net/2u *"_ivl_42", 0 0, L_0x7d327b586ac8;  1 drivers
v0x61c3a88db760_0 .net *"_ivl_44", 0 0, L_0x61c3a8903490;  1 drivers
v0x61c3a88db840_0 .net *"_ivl_6", 7 0, L_0x61c3a8902580;  1 drivers
L_0x7d327b586a38 .functor BUFT 1, C4<00000000>, C4<0>, C4<0>, C4<0>;
v0x61c3a88db920_0 .net/2u *"_ivl_8", 7 0, L_0x7d327b586a38;  1 drivers
v0x61c3a88dba00_0 .net "clk", 0 0, v0x61c3a88f0d80_0;  alias, 1 drivers
v0x61c3a88dbaa0_0 .net "cmp_match", 0 0, L_0x61c3a8902620;  1 drivers
v0x61c3a88dbb60_0 .net "in_data", 7 0, L_0x61c3a89019f0;  alias, 1 drivers
v0x61c3a88dbc40_0 .net "in_eop", 0 0, L_0x61c3a8901e00;  alias, 1 drivers
v0x61c3a88dbd00_0 .net "in_ready", 0 0, L_0x61c3a8903530;  alias, 1 drivers
v0x61c3a88dbdc0_0 .net "in_sop", 0 0, L_0x61c3a8901d50;  alias, 1 drivers
v0x61c3a88dbe80_0 .net "in_valid", 0 0, L_0x61c3a8901c40;  alias, 1 drivers
v0x61c3a88dbf40_0 .net "match_data", 7 0, L_0x61c3a8902990;  alias, 1 drivers
v0x61c3a88dc020_0 .net "match_drop", 0 0, L_0x61c3a8902850;  1 drivers
v0x61c3a88dc0e0_0 .net "match_eop", 0 0, L_0x61c3a8902e40;  alias, 1 drivers
v0x61c3a88dc1a0_0 .net "match_ready", 0 0, v0x61c3a88ecfd0_0;  alias, 1 drivers
v0x61c3a88dc260_0 .net "match_sop", 0 0, L_0x61c3a8902cf0;  alias, 1 drivers
v0x61c3a88dc320_0 .net "match_valid", 0 0, L_0x61c3a8902ba0;  alias, 1 drivers
v0x61c3a88dc3e0_0 .net "pass_data", 7 0, L_0x61c3a8902f40;  alias, 1 drivers
v0x61c3a88dc4c0_0 .net "pass_eop", 0 0, L_0x61c3a8903420;  alias, 1 drivers
v0x61c3a88dc580_0 .net "pass_ready", 0 0, L_0x7d327b586b10;  alias, 1 drivers
v0x61c3a88dc640_0 .net "pass_sop", 0 0, L_0x61c3a8903230;  alias, 1 drivers
v0x61c3a88dc700_0 .net "pass_valid", 0 0, L_0x61c3a89031c0;  alias, 1 drivers
v0x61c3a88dc7c0_0 .net "route_match", 0 0, L_0x61c3a89026c0;  1 drivers
v0x61c3a88dc880_0 .var "route_match_q", 0 0;
v0x61c3a88dc940_0 .net "rst_n", 0 0, v0x61c3a88f98f0_0;  alias, 1 drivers
v0x61c3a88dcbf0_0 .var "strip_next_q", 0 0;
L_0x61c3a8902620 .cmp/eq 8, L_0x61c3a8902580, L_0x7d327b586a38;
L_0x61c3a89026c0 .functor MUXZ 1, v0x61c3a88dc880_0, L_0x61c3a8902620, L_0x61c3a8901d50, C4<>;
L_0x61c3a8902b00 .reduce/nor L_0x61c3a8902850;
L_0x61c3a8903120 .reduce/nor L_0x61c3a89026c0;
L_0x61c3a8903490 .functor MUXZ 1, v0x61c3a88ecfd0_0, L_0x7d327b586ac8, L_0x61c3a8902850, C4<>;
L_0x61c3a8903530 .functor MUXZ 1, L_0x7d327b586b10, L_0x61c3a8903490, L_0x61c3a89026c0, C4<>;
S_0x61c3a88ddb30 .scope module, "l2_ej53" "node_eject" 2 232, 6 13 0, S_0x61c3a8886870;
 .timescale 0 0;
    .port_info 0 /INPUT 1 "clk";
    .port_info 1 /INPUT 1 "rst_n";
    .port_info 2 /INPUT 8 "yin_data";
    .port_info 3 /INPUT 1 "yin_valid";
    .port_info 4 /INPUT 1 "yin_sop";
    .port_info 5 /INPUT 1 "yin_eop";
    .port_info 6 /OUTPUT 1 "yin_ready";
    .port_info 7 /OUTPUT 8 "yout_data";
    .port_info 8 /OUTPUT 1 "yout_valid";
    .port_info 9 /OUTPUT 1 "yout_sop";
    .port_info 10 /OUTPUT 1 "yout_eop";
    .port_info 11 /INPUT 1 "yout_ready";
    .port_info 12 /OUTPUT 8 "node_data";
    .port_info 13 /OUTPUT 1 "node_valid";
    .port_info 14 /OUTPUT 1 "node_sop";
    .port_info 15 /OUTPUT 1 "node_eop";
    .port_info 16 /INPUT 1 "node_ready";
P_0x61c3a88ddcc0 .param/l "LOCAL_MODULE" 0 6 14, C4<01010011>;
v0x61c3a88e0710_0 .net "clk", 0 0, v0x61c3a88f0d80_0;  alias, 1 drivers
v0x61c3a88e07d0_0 .net "node_data", 7 0, L_0x61c3a8904bd0;  alias, 1 drivers
v0x61c3a88e0890_0 .net "node_eop", 0 0, L_0x61c3a8905080;  alias, 1 drivers
v0x61c3a88e0980_0 .net "node_ready", 0 0, L_0x61c3a8905b20;  alias, 1 drivers
v0x61c3a88e0a70_0 .net "node_sop", 0 0, L_0x61c3a8904f30;  alias, 1 drivers
v0x61c3a88e0bb0_0 .net "node_valid", 0 0, L_0x61c3a8904de0;  alias, 1 drivers
v0x61c3a88e0ca0_0 .net "rst_n", 0 0, v0x61c3a88f98f0_0;  alias, 1 drivers
v0x61c3a88e0d40_0 .net "yin_data", 7 0, L_0x61c3a8903be0;  alias, 1 drivers
v0x61c3a88e0de0_0 .net "yin_eop", 0 0, L_0x61c3a8903ff0;  alias, 1 drivers
v0x61c3a88e0e80_0 .net "yin_ready", 0 0, L_0x61c3a8905770;  alias, 1 drivers
v0x61c3a88e0f20_0 .net "yin_sop", 0 0, L_0x61c3a8903f40;  alias, 1 drivers
v0x61c3a88e0fc0_0 .net "yin_valid", 0 0, L_0x61c3a8903e30;  alias, 1 drivers
v0x61c3a88e1060_0 .net "yout_data", 7 0, L_0x61c3a8905180;  alias, 1 drivers
v0x61c3a88e1130_0 .net "yout_eop", 0 0, L_0x61c3a8905660;  alias, 1 drivers
L_0x7d327b586de0 .functor BUFT 1, C4<1>, C4<0>, C4<0>, C4<0>;
v0x61c3a88e1200_0 .net "yout_ready", 0 0, L_0x7d327b586de0;  1 drivers
v0x61c3a88e12d0_0 .net "yout_sop", 0 0, L_0x61c3a8905470;  alias, 1 drivers
v0x61c3a88e13a0_0 .net "yout_valid", 0 0, L_0x61c3a8905400;  alias, 1 drivers
S_0x61c3a88ddfe0 .scope module, "gate" "flit_gate" 6 45, 5 17 0, S_0x61c3a88ddb30;
 .timescale 0 0;
    .port_info 0 /INPUT 1 "clk";
    .port_info 1 /INPUT 1 "rst_n";
    .port_info 2 /INPUT 8 "in_data";
    .port_info 3 /INPUT 1 "in_valid";
    .port_info 4 /INPUT 1 "in_sop";
    .port_info 5 /INPUT 1 "in_eop";
    .port_info 6 /OUTPUT 1 "in_ready";
    .port_info 7 /OUTPUT 8 "match_data";
    .port_info 8 /OUTPUT 1 "match_valid";
    .port_info 9 /OUTPUT 1 "match_sop";
    .port_info 10 /OUTPUT 1 "match_eop";
    .port_info 11 /INPUT 1 "match_ready";
    .port_info 12 /OUTPUT 8 "pass_data";
    .port_info 13 /OUTPUT 1 "pass_valid";
    .port_info 14 /OUTPUT 1 "pass_sop";
    .port_info 15 /OUTPUT 1 "pass_eop";
    .port_info 16 /INPUT 1 "pass_ready";
P_0x61c3a88de1e0 .param/l "MATCH_MASK" 0 5 19, C4<11111111>;
P_0x61c3a88de220 .param/l "MATCH_VALUE" 0 5 18, C4<01010011>;
P_0x61c3a88de260 .param/l "STRIP_ON_MATCH" 0 5 20, +C4<00000000000000000000000000000001>;
L_0x7d327b586c78 .functor BUFT 1, C4<01010011>, C4<0>, C4<0>, C4<0>;
L_0x61c3a89047a0 .functor XOR 8, L_0x61c3a8903be0, L_0x7d327b586c78, C4<00000000>, C4<00000000>;
L_0x7d327b586cc0 .functor BUFT 1, C4<11111111>, C4<0>, C4<0>, C4<0>;
L_0x61c3a8904810 .functor AND 8, L_0x61c3a89047a0, L_0x7d327b586cc0, C4<11111111>, C4<11111111>;
L_0x7d327b586d50 .functor BUFT 1, C4<1>, C4<0>, C4<0>, C4<0>;
L_0x61c3a89049f0 .functor AND 1, L_0x7d327b586d50, L_0x61c3a8903f40, C4<1>, C4<1>;
L_0x61c3a8904a90 .functor AND 1, L_0x61c3a89049f0, L_0x61c3a8904950, C4<1>, C4<1>;
L_0x61c3a8904bd0 .functor BUFZ 8, L_0x61c3a8903be0, C4<00000000>, C4<00000000>, C4<00000000>;
L_0x61c3a8904cd0 .functor AND 1, L_0x61c3a8903e30, L_0x61c3a8904950, C4<1>, C4<1>;
L_0x61c3a8904de0 .functor AND 1, L_0x61c3a8904cd0, L_0x61c3a8904d40, C4<1>, C4<1>;
L_0x61c3a8904f30 .functor BUFZ 1, v0x61c3a88e0430_0, C4<0>, C4<0>, C4<0>;
L_0x61c3a8905080 .functor BUFZ 1, L_0x61c3a8903ff0, C4<0>, C4<0>, C4<0>;
L_0x61c3a8905180 .functor BUFZ 8, L_0x61c3a8903be0, C4<00000000>, C4<00000000>, C4<00000000>;
L_0x61c3a8905400 .functor AND 1, L_0x61c3a8903e30, L_0x61c3a8905360, C4<1>, C4<1>;
L_0x61c3a8905470 .functor BUFZ 1, L_0x61c3a8903f40, C4<0>, C4<0>, C4<0>;
L_0x61c3a8905660 .functor BUFZ 1, L_0x61c3a8903ff0, C4<0>, C4<0>, C4<0>;
v0x61c3a88de6a0_0 .net/2u *"_ivl_0", 7 0, L_0x7d327b586c78;  1 drivers
v0x61c3a88de7a0_0 .net/2u *"_ivl_14", 0 0, L_0x7d327b586d50;  1 drivers
v0x61c3a88de880_0 .net *"_ivl_17", 0 0, L_0x61c3a89049f0;  1 drivers
v0x61c3a88de950_0 .net *"_ivl_2", 7 0, L_0x61c3a89047a0;  1 drivers
v0x61c3a88dea30_0 .net *"_ivl_23", 0 0, L_0x61c3a8904cd0;  1 drivers
v0x61c3a88deb40_0 .net *"_ivl_25", 0 0, L_0x61c3a8904d40;  1 drivers
v0x61c3a88dec00_0 .net *"_ivl_35", 0 0, L_0x61c3a8905360;  1 drivers
v0x61c3a88decc0_0 .net/2u *"_ivl_4", 7 0, L_0x7d327b586cc0;  1 drivers
L_0x7d327b586d98 .functor BUFT 1, C4<1>, C4<0>, C4<0>, C4<0>;
v0x61c3a88deda0_0 .net/2u *"_ivl_42", 0 0, L_0x7d327b586d98;  1 drivers
v0x61c3a88def10_0 .net *"_ivl_44", 0 0, L_0x61c3a89056d0;  1 drivers
v0x61c3a88deff0_0 .net *"_ivl_6", 7 0, L_0x61c3a8904810;  1 drivers
L_0x7d327b586d08 .functor BUFT 1, C4<00000000>, C4<0>, C4<0>, C4<0>;
v0x61c3a88df0d0_0 .net/2u *"_ivl_8", 7 0, L_0x7d327b586d08;  1 drivers
v0x61c3a88df1b0_0 .net "clk", 0 0, v0x61c3a88f0d80_0;  alias, 1 drivers
v0x61c3a88df250_0 .net "cmp_match", 0 0, L_0x61c3a89048b0;  1 drivers
v0x61c3a88df310_0 .net "in_data", 7 0, L_0x61c3a8903be0;  alias, 1 drivers
v0x61c3a88df3f0_0 .net "in_eop", 0 0, L_0x61c3a8903ff0;  alias, 1 drivers
v0x61c3a88df4b0_0 .net "in_ready", 0 0, L_0x61c3a8905770;  alias, 1 drivers
v0x61c3a88df680_0 .net "in_sop", 0 0, L_0x61c3a8903f40;  alias, 1 drivers
v0x61c3a88df740_0 .net "in_valid", 0 0, L_0x61c3a8903e30;  alias, 1 drivers
v0x61c3a88df800_0 .net "match_data", 7 0, L_0x61c3a8904bd0;  alias, 1 drivers
v0x61c3a88df8c0_0 .net "match_drop", 0 0, L_0x61c3a8904a90;  1 drivers
v0x61c3a88df960_0 .net "match_eop", 0 0, L_0x61c3a8905080;  alias, 1 drivers
v0x61c3a88dfa30_0 .net "match_ready", 0 0, L_0x61c3a8905b20;  alias, 1 drivers
v0x61c3a88dfb00_0 .net "match_sop", 0 0, L_0x61c3a8904f30;  alias, 1 drivers
v0x61c3a88dfbd0_0 .net "match_valid", 0 0, L_0x61c3a8904de0;  alias, 1 drivers
v0x61c3a88dfca0_0 .net "pass_data", 7 0, L_0x61c3a8905180;  alias, 1 drivers
v0x61c3a88dfd40_0 .net "pass_eop", 0 0, L_0x61c3a8905660;  alias, 1 drivers
v0x61c3a88dfde0_0 .net "pass_ready", 0 0, L_0x7d327b586de0;  alias, 1 drivers
v0x61c3a88dfe80_0 .net "pass_sop", 0 0, L_0x61c3a8905470;  alias, 1 drivers
v0x61c3a88dff40_0 .net "pass_valid", 0 0, L_0x61c3a8905400;  alias, 1 drivers
v0x61c3a88e0000_0 .net "route_match", 0 0, L_0x61c3a8904950;  1 drivers
v0x61c3a88e00c0_0 .var "route_match_q", 0 0;
v0x61c3a88e0180_0 .net "rst_n", 0 0, v0x61c3a88f98f0_0;  alias, 1 drivers
v0x61c3a88e0430_0 .var "strip_next_q", 0 0;
L_0x61c3a89048b0 .cmp/eq 8, L_0x61c3a8904810, L_0x7d327b586d08;
L_0x61c3a8904950 .functor MUXZ 1, v0x61c3a88e00c0_0, L_0x61c3a89048b0, L_0x61c3a8903f40, C4<>;
L_0x61c3a8904d40 .reduce/nor L_0x61c3a8904a90;
L_0x61c3a8905360 .reduce/nor L_0x61c3a8904950;
L_0x61c3a89056d0 .functor MUXZ 1, L_0x61c3a8905b20, L_0x7d327b586d98, L_0x61c3a8904a90, C4<>;
L_0x61c3a8905770 .functor MUXZ 1, L_0x7d327b586de0, L_0x61c3a89056d0, L_0x61c3a8904950, C4<>;
S_0x61c3a88e1570 .scope module, "l2_hx" "hfr" 2 213, 3 12 0, S_0x61c3a8886870;
 .timescale 0 0;
    .port_info 0 /INPUT 1 "clk";
    .port_info 1 /INPUT 1 "rst_n";
    .port_info 2 /INPUT 8 "in_data";
    .port_info 3 /INPUT 1 "in_valid";
    .port_info 4 /INPUT 1 "in_sop";
    .port_info 5 /INPUT 1 "in_eop";
    .port_info 6 /OUTPUT 1 "in_ready";
    .port_info 7 /OUTPUT 8 "out_data";
    .port_info 8 /OUTPUT 1 "out_valid";
    .port_info 9 /OUTPUT 1 "out_sop";
    .port_info 10 /OUTPUT 1 "out_eop";
    .port_info 11 /INPUT 1 "out_ready";
L_0x61c3a8903700 .functor OR 1, L_0x61c3a89045e0, L_0x61c3a89035d0, C4<0>, C4<0>;
v0x61c3a88e19a0_0 .net *"_ivl_1", 0 0, L_0x61c3a89035d0;  1 drivers
v0x61c3a88e1a80_0 .net "clk", 0 0, v0x61c3a88f0d80_0;  alias, 1 drivers
v0x61c3a88e1b40_0 .net "in_data", 7 0, L_0x61c3a8901e70;  alias, 1 drivers
v0x61c3a88e1c10_0 .net "in_eop", 0 0, L_0x61c3a89022e0;  alias, 1 drivers
v0x61c3a88e1cd0_0 .net "in_ready", 0 0, L_0x61c3a8903700;  alias, 1 drivers
v0x61c3a88e1de0_0 .net "in_sop", 0 0, L_0x61c3a89020d0;  alias, 1 drivers
v0x61c3a88e1ea0_0 .net "in_valid", 0 0, L_0x61c3a8902060;  alias, 1 drivers
v0x61c3a88e1f60_0 .var "out_data", 7 0;
v0x61c3a88e2040_0 .var "out_eop", 0 0;
v0x61c3a88e2100_0 .net "out_ready", 0 0, L_0x61c3a89045e0;  alias, 1 drivers
v0x61c3a88e21c0_0 .var "out_sop", 0 0;
v0x61c3a88e2280_0 .var "out_valid", 0 0;
v0x61c3a88e2340_0 .net "rst_n", 0 0, v0x61c3a88f98f0_0;  alias, 1 drivers
L_0x61c3a89035d0 .reduce/nor v0x61c3a88e2280_0;
S_0x61c3a88e2560 .scope module, "l2_turn2" "xy_turn" 2 192, 7 13 0, S_0x61c3a8886870;
 .timescale 0 0;
    .port_info 0 /INPUT 1 "clk";
    .port_info 1 /INPUT 1 "rst_n";
    .port_info 2 /INPUT 8 "xin_data";
    .port_info 3 /INPUT 1 "xin_valid";
    .port_info 4 /INPUT 1 "xin_sop";
    .port_info 5 /INPUT 1 "xin_eop";
    .port_info 6 /OUTPUT 1 "xin_ready";
    .port_info 7 /OUTPUT 8 "xout_data";
    .port_info 8 /OUTPUT 1 "xout_valid";
    .port_info 9 /OUTPUT 1 "xout_sop";
    .port_info 10 /OUTPUT 1 "xout_eop";
    .port_info 11 /INPUT 1 "xout_ready";
    .port_info 12 /OUTPUT 8 "yout_data";
    .port_info 13 /OUTPUT 1 "yout_valid";
    .port_info 14 /OUTPUT 1 "yout_sop";
    .port_info 15 /OUTPUT 1 "yout_eop";
    .port_info 16 /INPUT 1 "yout_ready";
P_0x61c3a88e26f0 .param/l "LOCAL_X" 0 7 14, C4<0010>;
v0x61c3a88e4d50_0 .net "clk", 0 0, v0x61c3a88f0d80_0;  alias, 1 drivers
v0x61c3a88e4e10_0 .net "rst_n", 0 0, v0x61c3a88f98f0_0;  alias, 1 drivers
v0x61c3a88e4ed0_0 .net "xin_data", 7 0, L_0x61c3a88fca40;  alias, 1 drivers
v0x61c3a88e4f70_0 .net "xin_eop", 0 0, L_0x61c3a88fcd30;  alias, 1 drivers
v0x61c3a88e5010_0 .net "xin_ready", 0 0, L_0x61c3a8902350;  alias, 1 drivers
v0x61c3a88e5100_0 .net "xin_sop", 0 0, v0x61c3a88c8ae0_0;  alias, 1 drivers
v0x61c3a88e51a0_0 .net "xin_valid", 0 0, L_0x61c3a88fcc00;  alias, 1 drivers
v0x61c3a88e5240_0 .net "xout_data", 7 0, L_0x61c3a8901e70;  alias, 1 drivers
v0x61c3a88e5330_0 .net "xout_eop", 0 0, L_0x61c3a89022e0;  alias, 1 drivers
v0x61c3a88e53d0_0 .net "xout_ready", 0 0, L_0x61c3a8903700;  alias, 1 drivers
v0x61c3a88e54c0_0 .net "xout_sop", 0 0, L_0x61c3a89020d0;  alias, 1 drivers
v0x61c3a88e55b0_0 .net "xout_valid", 0 0, L_0x61c3a8902060;  alias, 1 drivers
v0x61c3a88e56a0_0 .net "yout_data", 7 0, L_0x61c3a89019f0;  alias, 1 drivers
v0x61c3a88e5760_0 .net "yout_eop", 0 0, L_0x61c3a8901e00;  alias, 1 drivers
v0x61c3a88e5800_0 .net "yout_ready", 0 0, L_0x61c3a8903530;  alias, 1 drivers
v0x61c3a88e58a0_0 .net "yout_sop", 0 0, L_0x61c3a8901d50;  alias, 1 drivers
v0x61c3a88e5940_0 .net "yout_valid", 0 0, L_0x61c3a8901c40;  alias, 1 drivers
S_0x61c3a88e2a00 .scope module, "gate" "flit_gate" 7 45, 5 17 0, S_0x61c3a88e2560;
 .timescale 0 0;
    .port_info 0 /INPUT 1 "clk";
    .port_info 1 /INPUT 1 "rst_n";
    .port_info 2 /INPUT 8 "in_data";
    .port_info 3 /INPUT 1 "in_valid";
    .port_info 4 /INPUT 1 "in_sop";
    .port_info 5 /INPUT 1 "in_eop";
    .port_info 6 /OUTPUT 1 "in_ready";
    .port_info 7 /OUTPUT 8 "match_data";
    .port_info 8 /OUTPUT 1 "match_valid";
    .port_info 9 /OUTPUT 1 "match_sop";
    .port_info 10 /OUTPUT 1 "match_eop";
    .port_info 11 /INPUT 1 "match_ready";
    .port_info 12 /OUTPUT 8 "pass_data";
    .port_info 13 /OUTPUT 1 "pass_valid";
    .port_info 14 /OUTPUT 1 "pass_sop";
    .port_info 15 /OUTPUT 1 "pass_eop";
    .port_info 16 /INPUT 1 "pass_ready";
P_0x61c3a88e2be0 .param/l "MATCH_MASK" 0 5 19, C4<11110000>;
P_0x61c3a88e2c20 .param/l "MATCH_VALUE" 0 5 18, C4<00100000>;
P_0x61c3a88e2c60 .param/l "STRIP_ON_MATCH" 0 5 20, +C4<00000000000000000000000000000000>;
L_0x7d327b586888 .functor BUFT 1, C4<00100000>, C4<0>, C4<0>, C4<0>;
L_0x61c3a8901640 .functor XOR 8, L_0x61c3a88fca40, L_0x7d327b586888, C4<00000000>, C4<00000000>;
L_0x7d327b5868d0 .functor BUFT 1, C4<11110000>, C4<0>, C4<0>, C4<0>;
L_0x61c3a89016b0 .functor AND 8, L_0x61c3a8901640, L_0x7d327b5868d0, C4<11111111>, C4<11111111>;
L_0x61c3a89019f0 .functor BUFZ 8, L_0x61c3a88fca40, C4<00000000>, C4<00000000>, C4<00000000>;
L_0x61c3a8901a60 .functor AND 1, L_0x61c3a88fcc00, L_0x61c3a8901900, C4<1>, C4<1>;
L_0x61c3a8901c40 .functor AND 1, L_0x61c3a8901a60, L_0x61c3a8901b50, C4<1>, C4<1>;
L_0x61c3a8901d50 .functor BUFZ 1, v0x61c3a88c8ae0_0, C4<0>, C4<0>, C4<0>;
L_0x61c3a8901e00 .functor BUFZ 1, L_0x61c3a88fcd30, C4<0>, C4<0>, C4<0>;
L_0x61c3a8901e70 .functor BUFZ 8, L_0x61c3a88fca40, C4<00000000>, C4<00000000>, C4<00000000>;
L_0x61c3a8902060 .functor AND 1, L_0x61c3a88fcc00, L_0x61c3a8901fc0, C4<1>, C4<1>;
L_0x61c3a89020d0 .functor BUFZ 1, v0x61c3a88c8ae0_0, C4<0>, C4<0>, C4<0>;
L_0x61c3a89022e0 .functor BUFZ 1, L_0x61c3a88fcd30, C4<0>, C4<0>, C4<0>;
L_0x61c3a8905ec0 .functor BUFT 1, L_0x61c3a8903530, C4<0>, C4<0>, C4<0>;
v0x61c3a88e30a0_0 .net/2u *"_ivl_0", 7 0, L_0x7d327b586888;  1 drivers
v0x61c3a88e31a0_0 .net *"_ivl_19", 0 0, L_0x61c3a8901a60;  1 drivers
v0x61c3a88e3260_0 .net *"_ivl_2", 7 0, L_0x61c3a8901640;  1 drivers
v0x61c3a88e3350_0 .net *"_ivl_21", 0 0, L_0x61c3a8901b50;  1 drivers
v0x61c3a88e3410_0 .net *"_ivl_31", 0 0, L_0x61c3a8901fc0;  1 drivers
v0x61c3a88e3520_0 .net/2u *"_ivl_4", 7 0, L_0x7d327b5868d0;  1 drivers
v0x61c3a88e3600_0 .net *"_ivl_40", 0 0, L_0x61c3a8905ec0;  1 drivers
v0x61c3a88e36e0_0 .net *"_ivl_6", 7 0, L_0x61c3a89016b0;  1 drivers
L_0x7d327b586918 .functor BUFT 1, C4<00000000>, C4<0>, C4<0>, C4<0>;
v0x61c3a88e37c0_0 .net/2u *"_ivl_8", 7 0, L_0x7d327b586918;  1 drivers
v0x61c3a88e3930_0 .net "clk", 0 0, v0x61c3a88f0d80_0;  alias, 1 drivers
v0x61c3a88e39d0_0 .net "cmp_match", 0 0, L_0x61c3a89017c0;  1 drivers
v0x61c3a88e3a90_0 .net "in_data", 7 0, L_0x61c3a88fca40;  alias, 1 drivers
v0x61c3a88e3b50_0 .net "in_eop", 0 0, L_0x61c3a88fcd30;  alias, 1 drivers
v0x61c3a88e3c40_0 .net "in_ready", 0 0, L_0x61c3a8902350;  alias, 1 drivers
v0x61c3a88e3d30_0 .net "in_sop", 0 0, v0x61c3a88c8ae0_0;  alias, 1 drivers
v0x61c3a88e3e20_0 .net "in_valid", 0 0, L_0x61c3a88fcc00;  alias, 1 drivers
v0x61c3a88e3f10_0 .net "match_data", 7 0, L_0x61c3a89019f0;  alias, 1 drivers
L_0x7d327b586960 .functor BUFT 1, C4<0>, C4<0>, C4<0>, C4<0>;
v0x61c3a88e4130_0 .net "match_drop", 0 0, L_0x7d327b586960;  1 drivers
v0x61c3a88e41f0_0 .net "match_eop", 0 0, L_0x61c3a8901e00;  alias, 1 drivers
v0x61c3a88e42e0_0 .net "match_ready", 0 0, L_0x61c3a8903530;  alias, 1 drivers
v0x61c3a88e43d0_0 .net "match_sop", 0 0, L_0x61c3a8901d50;  alias, 1 drivers
v0x61c3a88e44c0_0 .net "match_valid", 0 0, L_0x61c3a8901c40;  alias, 1 drivers
v0x61c3a88e45b0_0 .net "pass_data", 7 0, L_0x61c3a8901e70;  alias, 1 drivers
v0x61c3a88e4670_0 .net "pass_eop", 0 0, L_0x61c3a89022e0;  alias, 1 drivers
v0x61c3a88e4710_0 .net "pass_ready", 0 0, L_0x61c3a8903700;  alias, 1 drivers
v0x61c3a88e47b0_0 .net "pass_sop", 0 0, L_0x61c3a89020d0;  alias, 1 drivers
v0x61c3a88e4850_0 .net "pass_valid", 0 0, L_0x61c3a8902060;  alias, 1 drivers
v0x61c3a88e48f0_0 .net "route_match", 0 0, L_0x61c3a8901900;  1 drivers
v0x61c3a88e4990_0 .var "route_match_q", 0 0;
v0x61c3a88e4a30_0 .net "rst_n", 0 0, v0x61c3a88f98f0_0;  alias, 1 drivers
v0x61c3a88e4ad0_0 .var "strip_next_q", 0 0;
L_0x61c3a89017c0 .cmp/eq 8, L_0x61c3a89016b0, L_0x7d327b586918;
L_0x61c3a8901900 .functor MUXZ 1, v0x61c3a88e4990_0, L_0x61c3a89017c0, v0x61c3a88c8ae0_0, C4<>;
L_0x61c3a8901b50 .reduce/nor L_0x7d327b586960;
L_0x61c3a8901fc0 .reduce/nor L_0x61c3a8901900;
L_0x61c3a8902350 .functor MUXZ 1, L_0x61c3a8903700, L_0x61c3a8905ec0, L_0x61c3a8901900, C4<>;
S_0x61c3a88e5d10 .scope module, "l2_turn5" "xy_turn" 2 221, 7 13 0, S_0x61c3a8886870;
 .timescale 0 0;
    .port_info 0 /INPUT 1 "clk";
    .port_info 1 /INPUT 1 "rst_n";
    .port_info 2 /INPUT 8 "xin_data";
    .port_info 3 /INPUT 1 "xin_valid";
    .port_info 4 /INPUT 1 "xin_sop";
    .port_info 5 /INPUT 1 "xin_eop";
    .port_info 6 /OUTPUT 1 "xin_ready";
    .port_info 7 /OUTPUT 8 "xout_data";
    .port_info 8 /OUTPUT 1 "xout_valid";
    .port_info 9 /OUTPUT 1 "xout_sop";
    .port_info 10 /OUTPUT 1 "xout_eop";
    .port_info 11 /INPUT 1 "xout_ready";
    .port_info 12 /OUTPUT 8 "yout_data";
    .port_info 13 /OUTPUT 1 "yout_valid";
    .port_info 14 /OUTPUT 1 "yout_sop";
    .port_info 15 /OUTPUT 1 "yout_eop";
    .port_info 16 /INPUT 1 "yout_ready";
P_0x61c3a88e5ef0 .param/l "LOCAL_X" 0 7 14, C4<0101>;
v0x61c3a88e8430_0 .net "clk", 0 0, v0x61c3a88f0d80_0;  alias, 1 drivers
v0x61c3a88e84f0_0 .net "rst_n", 0 0, v0x61c3a88f98f0_0;  alias, 1 drivers
v0x61c3a88e85b0_0 .net "xin_data", 7 0, v0x61c3a88e1f60_0;  alias, 1 drivers
v0x61c3a88e86a0_0 .net "xin_eop", 0 0, v0x61c3a88e2040_0;  alias, 1 drivers
v0x61c3a88e8790_0 .net "xin_ready", 0 0, L_0x61c3a89045e0;  alias, 1 drivers
v0x61c3a88e88d0_0 .net "xin_sop", 0 0, v0x61c3a88e21c0_0;  alias, 1 drivers
v0x61c3a88e89c0_0 .net "xin_valid", 0 0, v0x61c3a88e2280_0;  alias, 1 drivers
v0x61c3a88e8ab0_0 .net "xout_data", 7 0, L_0x61c3a89040f0;  alias, 1 drivers
v0x61c3a88e8b50_0 .net "xout_eop", 0 0, L_0x61c3a89044e0;  alias, 1 drivers
v0x61c3a88e8bf0_0 .net "xout_ready", 0 0, v0x61c3a88ef160_0;  alias, 1 drivers
v0x61c3a88e8c90_0 .net "xout_sop", 0 0, L_0x61c3a89043e0;  alias, 1 drivers
v0x61c3a88e8d30_0 .net "xout_valid", 0 0, L_0x61c3a89042e0;  alias, 1 drivers
v0x61c3a88e8dd0_0 .net "yout_data", 7 0, L_0x61c3a8903be0;  alias, 1 drivers
v0x61c3a88e8e70_0 .net "yout_eop", 0 0, L_0x61c3a8903ff0;  alias, 1 drivers
v0x61c3a88e8f10_0 .net "yout_ready", 0 0, L_0x61c3a8905770;  alias, 1 drivers
v0x61c3a88e8fb0_0 .net "yout_sop", 0 0, L_0x61c3a8903f40;  alias, 1 drivers
v0x61c3a88e9050_0 .net "yout_valid", 0 0, L_0x61c3a8903e30;  alias, 1 drivers
S_0x61c3a88e6200 .scope module, "gate" "flit_gate" 7 45, 5 17 0, S_0x61c3a88e5d10;
 .timescale 0 0;
    .port_info 0 /INPUT 1 "clk";
    .port_info 1 /INPUT 1 "rst_n";
    .port_info 2 /INPUT 8 "in_data";
    .port_info 3 /INPUT 1 "in_valid";
    .port_info 4 /INPUT 1 "in_sop";
    .port_info 5 /INPUT 1 "in_eop";
    .port_info 6 /OUTPUT 1 "in_ready";
    .port_info 7 /OUTPUT 8 "match_data";
    .port_info 8 /OUTPUT 1 "match_valid";
    .port_info 9 /OUTPUT 1 "match_sop";
    .port_info 10 /OUTPUT 1 "match_eop";
    .port_info 11 /INPUT 1 "match_ready";
    .port_info 12 /OUTPUT 8 "pass_data";
    .port_info 13 /OUTPUT 1 "pass_valid";
    .port_info 14 /OUTPUT 1 "pass_sop";
    .port_info 15 /OUTPUT 1 "pass_eop";
    .port_info 16 /INPUT 1 "pass_ready";
P_0x61c3a88e63e0 .param/l "MATCH_MASK" 0 5 19, C4<11110000>;
P_0x61c3a88e6420 .param/l "MATCH_VALUE" 0 5 18, C4<01010000>;
P_0x61c3a88e6460 .param/l "STRIP_ON_MATCH" 0 5 20, +C4<00000000000000000000000000000000>;
L_0x7d327b586b58 .functor BUFT 1, C4<01010000>, C4<0>, C4<0>, C4<0>;
L_0x61c3a8903800 .functor XOR 8, v0x61c3a88e1f60_0, L_0x7d327b586b58, C4<00000000>, C4<00000000>;
L_0x7d327b586ba0 .functor BUFT 1, C4<11110000>, C4<0>, C4<0>, C4<0>;
L_0x61c3a8903900 .functor AND 8, L_0x61c3a8903800, L_0x7d327b586ba0, C4<11111111>, C4<11111111>;
L_0x61c3a8903be0 .functor BUFZ 8, v0x61c3a88e1f60_0, C4<00000000>, C4<00000000>, C4<00000000>;
L_0x61c3a8903c50 .functor AND 1, v0x61c3a88e2280_0, L_0x61c3a8903ab0, C4<1>, C4<1>;
L_0x61c3a8903e30 .functor AND 1, L_0x61c3a8903c50, L_0x61c3a8903d40, C4<1>, C4<1>;
L_0x61c3a8903f40 .functor BUFZ 1, v0x61c3a88e21c0_0, C4<0>, C4<0>, C4<0>;
L_0x61c3a8903ff0 .functor BUFZ 1, v0x61c3a88e2040_0, C4<0>, C4<0>, C4<0>;
L_0x61c3a89040f0 .functor BUFZ 8, v0x61c3a88e1f60_0, C4<00000000>, C4<00000000>, C4<00000000>;
L_0x61c3a89042e0 .functor AND 1, v0x61c3a88e2280_0, L_0x61c3a8904240, C4<1>, C4<1>;
L_0x61c3a89043e0 .functor BUFZ 1, v0x61c3a88e21c0_0, C4<0>, C4<0>, C4<0>;
L_0x61c3a89044e0 .functor BUFZ 1, v0x61c3a88e2040_0, C4<0>, C4<0>, C4<0>;
L_0x61c3a8906010 .functor BUFT 1, L_0x61c3a8905770, C4<0>, C4<0>, C4<0>;
v0x61c3a88e68a0_0 .net/2u *"_ivl_0", 7 0, L_0x7d327b586b58;  1 drivers
v0x61c3a88e69a0_0 .net *"_ivl_19", 0 0, L_0x61c3a8903c50;  1 drivers
v0x61c3a88e6a60_0 .net *"_ivl_2", 7 0, L_0x61c3a8903800;  1 drivers
v0x61c3a88e6b20_0 .net *"_ivl_21", 0 0, L_0x61c3a8903d40;  1 drivers
v0x61c3a88e6be0_0 .net *"_ivl_31", 0 0, L_0x61c3a8904240;  1 drivers
v0x61c3a88e6cf0_0 .net/2u *"_ivl_4", 7 0, L_0x7d327b586ba0;  1 drivers
v0x61c3a88e6dd0_0 .net *"_ivl_40", 0 0, L_0x61c3a8906010;  1 drivers
v0x61c3a88e6eb0_0 .net *"_ivl_6", 7 0, L_0x61c3a8903900;  1 drivers
L_0x7d327b586be8 .functor BUFT 1, C4<00000000>, C4<0>, C4<0>, C4<0>;
v0x61c3a88e6f90_0 .net/2u *"_ivl_8", 7 0, L_0x7d327b586be8;  1 drivers
v0x61c3a88e7100_0 .net "clk", 0 0, v0x61c3a88f0d80_0;  alias, 1 drivers
v0x61c3a88e71a0_0 .net "cmp_match", 0 0, L_0x61c3a8903970;  1 drivers
v0x61c3a88e7260_0 .net "in_data", 7 0, v0x61c3a88e1f60_0;  alias, 1 drivers
v0x61c3a88e7320_0 .net "in_eop", 0 0, v0x61c3a88e2040_0;  alias, 1 drivers
v0x61c3a88e73c0_0 .net "in_ready", 0 0, L_0x61c3a89045e0;  alias, 1 drivers
v0x61c3a88e7460_0 .net "in_sop", 0 0, v0x61c3a88e21c0_0;  alias, 1 drivers
v0x61c3a88e7500_0 .net "in_valid", 0 0, v0x61c3a88e2280_0;  alias, 1 drivers
v0x61c3a88e75a0_0 .net "match_data", 7 0, L_0x61c3a8903be0;  alias, 1 drivers
L_0x7d327b586c30 .functor BUFT 1, C4<0>, C4<0>, C4<0>, C4<0>;
v0x61c3a88e7750_0 .net "match_drop", 0 0, L_0x7d327b586c30;  1 drivers
v0x61c3a88e77f0_0 .net "match_eop", 0 0, L_0x61c3a8903ff0;  alias, 1 drivers
v0x61c3a88e78e0_0 .net "match_ready", 0 0, L_0x61c3a8905770;  alias, 1 drivers
v0x61c3a88e79d0_0 .net "match_sop", 0 0, L_0x61c3a8903f40;  alias, 1 drivers
v0x61c3a88e7ac0_0 .net "match_valid", 0 0, L_0x61c3a8903e30;  alias, 1 drivers
v0x61c3a88e7bb0_0 .net "pass_data", 7 0, L_0x61c3a89040f0;  alias, 1 drivers
v0x61c3a88e7c50_0 .net "pass_eop", 0 0, L_0x61c3a89044e0;  alias, 1 drivers
v0x61c3a88e7cf0_0 .net "pass_ready", 0 0, v0x61c3a88ef160_0;  alias, 1 drivers
v0x61c3a88e7db0_0 .net "pass_sop", 0 0, L_0x61c3a89043e0;  alias, 1 drivers
v0x61c3a88e7e70_0 .net "pass_valid", 0 0, L_0x61c3a89042e0;  alias, 1 drivers
v0x61c3a88e7f30_0 .net "route_match", 0 0, L_0x61c3a8903ab0;  1 drivers
v0x61c3a88e7ff0_0 .var "route_match_q", 0 0;
v0x61c3a88e80b0_0 .net "rst_n", 0 0, v0x61c3a88f98f0_0;  alias, 1 drivers
v0x61c3a88e8150_0 .var "strip_next_q", 0 0;
L_0x61c3a8903970 .cmp/eq 8, L_0x61c3a8903900, L_0x7d327b586be8;
L_0x61c3a8903ab0 .functor MUXZ 1, v0x61c3a88e7ff0_0, L_0x61c3a8903970, v0x61c3a88e21c0_0, C4<>;
L_0x61c3a8903d40 .reduce/nor L_0x7d327b586c30;
L_0x61c3a8904240 .reduce/nor L_0x61c3a8903ab0;
L_0x61c3a89045e0 .functor MUXZ 1, v0x61c3a88ef160_0, L_0x61c3a8906010, L_0x61c3a8903ab0, C4<>;
S_0x61c3a88e93a0 .scope module, "sk_l1_25" "load_sink" 2 285, 2 28 0, S_0x61c3a8886870;
 .timescale -9 -12;
    .port_info 0 /INPUT 1 "clk";
    .port_info 1 /INPUT 1 "rst_n";
    .port_info 2 /INPUT 8 "in_data";
    .port_info 3 /INPUT 1 "in_valid";
    .port_info 4 /INPUT 1 "in_sop";
    .port_info 5 /INPUT 1 "in_eop";
    .port_info 6 /OUTPUT 1 "in_ready";
    .port_info 7 /OUTPUT 32 "byte_count";
    .port_info 8 /OUTPUT 32 "pkt_count";
    .port_info 9 /OUTPUT 32 "checksum";
    .port_info 10 /OUTPUT 32 "sop_count";
    .port_info 11 /OUTPUT 32 "eop_count";
P_0x61c3a88e9530 .param/l "BP_MODE" 0 2 30, +C4<00000000000000000000000000000001>;
v0x61c3a88e9760_0 .var "byte_count", 31 0;
v0x61c3a88e9860_0 .var "checksum", 31 0;
v0x61c3a88e9940_0 .net "clk", 0 0, v0x61c3a88f0d80_0;  alias, 1 drivers
v0x61c3a88e99e0_0 .var "cyc", 1 0;
v0x61c3a88e9aa0_0 .var "eop_count", 31 0;
v0x61c3a88e9bd0_0 .net "in_data", 7 0, v0x61c3a88c01e0_0;  alias, 1 drivers
v0x61c3a88e9c90_0 .net "in_eop", 0 0, v0x61c3a88c02c0_0;  alias, 1 drivers
v0x61c3a88e9d30_0 .var "in_ready", 0 0;
v0x61c3a88e9dd0_0 .net "in_sop", 0 0, v0x61c3a88c0440_0;  alias, 1 drivers
v0x61c3a88e9e70_0 .net "in_valid", 0 0, v0x61c3a88c0500_0;  alias, 1 drivers
v0x61c3a88e9f10_0 .var "pkt_count", 31 0;
v0x61c3a88e9fb0_0 .net "rst_n", 0 0, v0x61c3a88f98f0_0;  alias, 1 drivers
v0x61c3a88ea050_0 .var "sop_count", 31 0;
S_0x61c3a88ea2c0 .scope module, "sk_l1_53" "load_sink" 2 292, 2 28 0, S_0x61c3a8886870;
 .timescale -9 -12;
    .port_info 0 /INPUT 1 "clk";
    .port_info 1 /INPUT 1 "rst_n";
    .port_info 2 /INPUT 8 "in_data";
    .port_info 3 /INPUT 1 "in_valid";
    .port_info 4 /INPUT 1 "in_sop";
    .port_info 5 /INPUT 1 "in_eop";
    .port_info 6 /OUTPUT 1 "in_ready";
    .port_info 7 /OUTPUT 32 "byte_count";
    .port_info 8 /OUTPUT 32 "pkt_count";
    .port_info 9 /OUTPUT 32 "checksum";
    .port_info 10 /OUTPUT 32 "sop_count";
    .port_info 11 /OUTPUT 32 "eop_count";
P_0x61c3a88ea450 .param/l "BP_MODE" 0 2 30, +C4<00000000000000000000000000000010>;
v0x61c3a88ea710_0 .var "byte_count", 31 0;
v0x61c3a88ea810_0 .var "checksum", 31 0;
v0x61c3a88ea8f0_0 .net "clk", 0 0, v0x61c3a88f0d80_0;  alias, 1 drivers
v0x61c3a88ea990_0 .var "cyc", 1 0;
v0x61c3a88eaa50_0 .var "eop_count", 31 0;
v0x61c3a88eab80_0 .net "in_data", 7 0, v0x61c3a88c0d50_0;  alias, 1 drivers
v0x61c3a88eac40_0 .net "in_eop", 0 0, v0x61c3a88c0e30_0;  alias, 1 drivers
v0x61c3a88eace0_0 .var "in_ready", 0 0;
v0x61c3a88ead80_0 .net "in_sop", 0 0, v0x61c3a88c0fb0_0;  alias, 1 drivers
v0x61c3a88eae50_0 .net "in_valid", 0 0, v0x61c3a88c1070_0;  alias, 1 drivers
v0x61c3a88eaf20_0 .var "pkt_count", 31 0;
v0x61c3a88eafc0_0 .net "rst_n", 0 0, v0x61c3a88f98f0_0;  alias, 1 drivers
v0x61c3a88eb060_0 .var "sop_count", 31 0;
S_0x61c3a88eb2d0 .scope module, "sk_l1x" "load_sink" 2 313, 2 28 0, S_0x61c3a8886870;
 .timescale -9 -12;
    .port_info 0 /INPUT 1 "clk";
    .port_info 1 /INPUT 1 "rst_n";
    .port_info 2 /INPUT 8 "in_data";
    .port_info 3 /INPUT 1 "in_valid";
    .port_info 4 /INPUT 1 "in_sop";
    .port_info 5 /INPUT 1 "in_eop";
    .port_info 6 /OUTPUT 1 "in_ready";
    .port_info 7 /OUTPUT 32 "byte_count";
    .port_info 8 /OUTPUT 32 "pkt_count";
    .port_info 9 /OUTPUT 32 "checksum";
    .port_info 10 /OUTPUT 32 "sop_count";
    .port_info 11 /OUTPUT 32 "eop_count";
P_0x61c3a88eb460 .param/l "BP_MODE" 0 2 30, +C4<00000000000000000000000000000000>;
v0x61c3a88eb750_0 .var "byte_count", 31 0;
v0x61c3a88eb850_0 .var "checksum", 31 0;
v0x61c3a88eb930_0 .net "clk", 0 0, v0x61c3a88f0d80_0;  alias, 1 drivers
v0x61c3a88eba00_0 .var "cyc", 1 0;
v0x61c3a88ebac0_0 .var "eop_count", 31 0;
v0x61c3a88ebbf0_0 .net "in_data", 7 0, L_0x61c3a88fff20;  alias, 1 drivers
v0x61c3a88ebd00_0 .net "in_eop", 0 0, L_0x61c3a8900310;  alias, 1 drivers
v0x61c3a88ebdf0_0 .var "in_ready", 0 0;
v0x61c3a88ebee0_0 .net "in_sop", 0 0, L_0x61c3a8900210;  alias, 1 drivers
v0x61c3a88ebf80_0 .net "in_valid", 0 0, L_0x61c3a8900110;  alias, 1 drivers
v0x61c3a88ec070_0 .var "pkt_count", 31 0;
v0x61c3a88ec150_0 .net "rst_n", 0 0, v0x61c3a88f98f0_0;  alias, 1 drivers
v0x61c3a88ec1f0_0 .var "sop_count", 31 0;
S_0x61c3a88ec4c0 .scope module, "sk_l2_25" "load_sink" 2 299, 2 28 0, S_0x61c3a8886870;
 .timescale -9 -12;
    .port_info 0 /INPUT 1 "clk";
    .port_info 1 /INPUT 1 "rst_n";
    .port_info 2 /INPUT 8 "in_data";
    .port_info 3 /INPUT 1 "in_valid";
    .port_info 4 /INPUT 1 "in_sop";
    .port_info 5 /INPUT 1 "in_eop";
    .port_info 6 /OUTPUT 1 "in_ready";
    .port_info 7 /OUTPUT 32 "byte_count";
    .port_info 8 /OUTPUT 32 "pkt_count";
    .port_info 9 /OUTPUT 32 "checksum";
    .port_info 10 /OUTPUT 32 "sop_count";
    .port_info 11 /OUTPUT 32 "eop_count";
P_0x61c3a88ec6a0 .param/l "BP_MODE" 0 2 30, +C4<00000000000000000000000000000000>;
v0x61c3a88ec960_0 .var "byte_count", 31 0;
v0x61c3a88eca60_0 .var "checksum", 31 0;
v0x61c3a88ecb40_0 .net "clk", 0 0, v0x61c3a88f0d80_0;  alias, 1 drivers
v0x61c3a88ecbe0_0 .var "cyc", 1 0;
v0x61c3a88ecca0_0 .var "eop_count", 31 0;
v0x61c3a88ecdd0_0 .net "in_data", 7 0, L_0x61c3a8902990;  alias, 1 drivers
v0x61c3a88ecee0_0 .net "in_eop", 0 0, L_0x61c3a8902e40;  alias, 1 drivers
v0x61c3a88ecfd0_0 .var "in_ready", 0 0;
v0x61c3a88ed0c0_0 .net "in_sop", 0 0, L_0x61c3a8902cf0;  alias, 1 drivers
v0x61c3a88ed160_0 .net "in_valid", 0 0, L_0x61c3a8902ba0;  alias, 1 drivers
v0x61c3a88ed250_0 .var "pkt_count", 31 0;
v0x61c3a88ed330_0 .net "rst_n", 0 0, v0x61c3a88f98f0_0;  alias, 1 drivers
v0x61c3a88ed3d0_0 .var "sop_count", 31 0;
S_0x61c3a88ed6a0 .scope module, "sk_l2_53" "load_sink" 2 306, 2 28 0, S_0x61c3a8886870;
 .timescale -9 -12;
    .port_info 0 /INPUT 1 "clk";
    .port_info 1 /INPUT 1 "rst_n";
    .port_info 2 /INPUT 8 "in_data";
    .port_info 3 /INPUT 1 "in_valid";
    .port_info 4 /INPUT 1 "in_sop";
    .port_info 5 /INPUT 1 "in_eop";
    .port_info 6 /OUTPUT 1 "in_ready";
    .port_info 7 /OUTPUT 32 "byte_count";
    .port_info 8 /OUTPUT 32 "pkt_count";
    .port_info 9 /OUTPUT 32 "checksum";
    .port_info 10 /OUTPUT 32 "sop_count";
    .port_info 11 /OUTPUT 32 "eop_count";
P_0x61c3a88ed880 .param/l "BP_MODE" 0 2 30, +C4<00000000000000000000000000000001>;
v0x61c3a88edb40_0 .var "byte_count", 31 0;
v0x61c3a88edc40_0 .var "checksum", 31 0;
v0x61c3a88edd20_0 .net "clk", 0 0, v0x61c3a88f0d80_0;  alias, 1 drivers
v0x61c3a88eddc0_0 .var "cyc", 1 0;
v0x61c3a88ede80_0 .var "eop_count", 31 0;
v0x61c3a88edfb0_0 .net "in_data", 7 0, v0x61c3a88c1910_0;  alias, 1 drivers
v0x61c3a88ee070_0 .net "in_eop", 0 0, v0x61c3a88c19f0_0;  alias, 1 drivers
v0x61c3a88ee110_0 .var "in_ready", 0 0;
v0x61c3a88ee1b0_0 .net "in_sop", 0 0, v0x61c3a88c1b70_0;  alias, 1 drivers
v0x61c3a88ee250_0 .net "in_valid", 0 0, v0x61c3a88c1c30_0;  alias, 1 drivers
v0x61c3a88ee2f0_0 .var "pkt_count", 31 0;
v0x61c3a88ee390_0 .net "rst_n", 0 0, v0x61c3a88f98f0_0;  alias, 1 drivers
v0x61c3a88ee430_0 .var "sop_count", 31 0;
S_0x61c3a88ee6a0 .scope module, "sk_l2x" "load_sink" 2 320, 2 28 0, S_0x61c3a8886870;
 .timescale -9 -12;
    .port_info 0 /INPUT 1 "clk";
    .port_info 1 /INPUT 1 "rst_n";
    .port_info 2 /INPUT 8 "in_data";
    .port_info 3 /INPUT 1 "in_valid";
    .port_info 4 /INPUT 1 "in_sop";
    .port_info 5 /INPUT 1 "in_eop";
    .port_info 6 /OUTPUT 1 "in_ready";
    .port_info 7 /OUTPUT 32 "byte_count";
    .port_info 8 /OUTPUT 32 "pkt_count";
    .port_info 9 /OUTPUT 32 "checksum";
    .port_info 10 /OUTPUT 32 "sop_count";
    .port_info 11 /OUTPUT 32 "eop_count";
P_0x61c3a88ee830 .param/l "BP_MODE" 0 2 30, +C4<00000000000000000000000000000000>;
v0x61c3a88eeaf0_0 .var "byte_count", 31 0;
v0x61c3a88eebf0_0 .var "checksum", 31 0;
v0x61c3a88eecd0_0 .net "clk", 0 0, v0x61c3a88f0d80_0;  alias, 1 drivers
v0x61c3a88eed70_0 .var "cyc", 1 0;
v0x61c3a88eee30_0 .var "eop_count", 31 0;
v0x61c3a88eef60_0 .net "in_data", 7 0, L_0x61c3a89040f0;  alias, 1 drivers
v0x61c3a88ef070_0 .net "in_eop", 0 0, L_0x61c3a89044e0;  alias, 1 drivers
v0x61c3a88ef160_0 .var "in_ready", 0 0;
v0x61c3a88ef250_0 .net "in_sop", 0 0, L_0x61c3a89043e0;  alias, 1 drivers
v0x61c3a88ef2f0_0 .net "in_valid", 0 0, L_0x61c3a89042e0;  alias, 1 drivers
v0x61c3a88ef3e0_0 .var "pkt_count", 31 0;
v0x61c3a88ef4c0_0 .net "rst_n", 0 0, v0x61c3a88f98f0_0;  alias, 1 drivers
v0x61c3a88ef560_0 .var "sop_count", 31 0;
S_0x61c3a88ef830 .scope module, "sk_pass" "load_sink" 2 278, 2 28 0, S_0x61c3a8886870;
 .timescale -9 -12;
    .port_info 0 /INPUT 1 "clk";
    .port_info 1 /INPUT 1 "rst_n";
    .port_info 2 /INPUT 8 "in_data";
    .port_info 3 /INPUT 1 "in_valid";
    .port_info 4 /INPUT 1 "in_sop";
    .port_info 5 /INPUT 1 "in_eop";
    .port_info 6 /OUTPUT 1 "in_ready";
    .port_info 7 /OUTPUT 32 "byte_count";
    .port_info 8 /OUTPUT 32 "pkt_count";
    .port_info 9 /OUTPUT 32 "checksum";
    .port_info 10 /OUTPUT 32 "sop_count";
    .port_info 11 /OUTPUT 32 "eop_count";
P_0x61c3a88efa10 .param/l "BP_MODE" 0 2 30, +C4<00000000000000000000000000000000>;
v0x61c3a88efcd0_0 .var "byte_count", 31 0;
v0x61c3a88efdd0_0 .var "checksum", 31 0;
v0x61c3a88efeb0_0 .net "clk", 0 0, v0x61c3a88f0d80_0;  alias, 1 drivers
v0x61c3a88eff50_0 .var "cyc", 1 0;
v0x61c3a88f0010_0 .var "eop_count", 31 0;
v0x61c3a88f0140_0 .net "in_data", 7 0, L_0x61c3a88fce30;  alias, 1 drivers
v0x61c3a88f0250_0 .net "in_eop", 0 0, L_0x61c3a88fd2d0;  alias, 1 drivers
v0x61c3a88f0340_0 .var "in_ready", 0 0;
v0x61c3a88f0430_0 .net "in_sop", 0 0, L_0x61c3a88fd160;  alias, 1 drivers
v0x61c3a88f04d0_0 .net "in_valid", 0 0, L_0x61c3a88fd060;  alias, 1 drivers
v0x61c3a88f05c0_0 .var "pkt_count", 31 0;
v0x61c3a88f06a0_0 .net "rst_n", 0 0, v0x61c3a88f98f0_0;  alias, 1 drivers
v0x61c3a88f0b50_0 .var "sop_count", 31 0;
    .scope S_0x61c3a88c30d0;
T_3 ;
    %wait E_0x61c3a8779f40;
    %load/vec4 v0x61c3a88c50d0_0;
    %nor/r;
    %flag_set/vec4 8;
    %jmp/0xz  T_3.0, 8;
    %pushi/vec4 0, 0, 1;
    %assign/vec4 v0x61c3a88c5030_0, 0;
    %jmp T_3.1;
T_3.0 ;
    %load/vec4 v0x61c3a88c46f0_0;
    %flag_set/vec4 10;
    %flag_get/vec4 10;
    %jmp/0 T_3.5, 10;
    %load/vec4 v0x61c3a88c4570_0;
    %and;
T_3.5;
    %flag_set/vec4 9;
    %flag_get/vec4 9;
    %jmp/0 T_3.4, 9;
    %load/vec4 v0x61c3a88c4630_0;
    %and;
T_3.4;
    %flag_set/vec4 8;
    %jmp/0xz  T_3.2, 8;
    %load/vec4 v0x61c3a88c4310_0;
    %assign/vec4 v0x61c3a88c5030_0, 0;
T_3.2 ;
T_3.1 ;
    %jmp T_3;
    .thread T_3;
    .scope S_0x61c3a88c30d0;
T_4 ;
    %wait E_0x61c3a8779f40;
    %load/vec4 v0x61c3a88c50d0_0;
    %nor/r;
    %flag_set/vec4 8;
    %jmp/0xz  T_4.0, 8;
    %pushi/vec4 0, 0, 1;
    %assign/vec4 v0x61c3a88c5170_0, 0;
    %jmp T_4.1;
T_4.0 ;
    %load/vec4 v0x61c3a88c46f0_0;
    %flag_set/vec4 9;
    %flag_get/vec4 9;
    %jmp/0 T_4.4, 9;
    %load/vec4 v0x61c3a88c4570_0;
    %and;
T_4.4;
    %flag_set/vec4 8;
    %jmp/0xz  T_4.2, 8;
    %load/vec4 v0x61c3a88c4630_0;
    %flag_set/vec4 10;
    %flag_get/vec4 10;
    %jmp/0 T_4.8, 10;
    %load/vec4 v0x61c3a88c4f90_0;
    %and;
T_4.8;
    %flag_set/vec4 9;
    %flag_get/vec4 9;
    %jmp/0 T_4.7, 9;
    %pushi/vec4 1, 0, 1;
    %and;
T_4.7;
    %flag_set/vec4 8;
    %jmp/0xz  T_4.5, 8;
    %pushi/vec4 1, 0, 1;
    %assign/vec4 v0x61c3a88c5170_0, 0;
    %jmp T_4.6;
T_4.5 ;
    %load/vec4 v0x61c3a88c4f90_0;
    %flag_set/vec4 8;
    %jmp/0xz  T_4.9, 8;
    %pushi/vec4 0, 0, 1;
    %assign/vec4 v0x61c3a88c5170_0, 0;
T_4.9 ;
T_4.6 ;
T_4.2 ;
T_4.1 ;
    %jmp T_4;
    .thread T_4;
    .scope S_0x61c3a88c1f10;
T_5 ;
    %wait E_0x61c3a8779f40;
    %load/vec4 v0x61c3a88c2c40_0;
    %nor/r;
    %flag_set/vec4 8;
    %jmp/0xz  T_5.0, 8;
    %pushi/vec4 0, 0, 1;
    %assign/vec4 v0x61c3a88c2b80_0, 0;
    %pushi/vec4 0, 0, 1;
    %assign/vec4 v0x61c3a88c2ac0_0, 0;
    %pushi/vec4 0, 0, 1;
    %assign/vec4 v0x61c3a88c2940_0, 0;
    %pushi/vec4 0, 0, 8;
    %assign/vec4 v0x61c3a88c2860_0, 0;
    %jmp T_5.1;
T_5.0 ;
    %load/vec4 v0x61c3a88c25d0_0;
    %flag_set/vec4 8;
    %jmp/0xz  T_5.2, 8;
    %load/vec4 v0x61c3a88c27a0_0;
    %assign/vec4 v0x61c3a88c2b80_0, 0;
    %load/vec4 v0x61c3a88c2470_0;
    %assign/vec4 v0x61c3a88c2860_0, 0;
    %load/vec4 v0x61c3a88c26e0_0;
    %assign/vec4 v0x61c3a88c2ac0_0, 0;
    %load/vec4 v0x61c3a88c2510_0;
    %assign/vec4 v0x61c3a88c2940_0, 0;
T_5.2 ;
T_5.1 ;
    %jmp T_5;
    .thread T_5;
    .scope S_0x61c3a88c6860;
T_6 ;
    %wait E_0x61c3a8779f40;
    %load/vec4 v0x61c3a88c8830_0;
    %nor/r;
    %flag_set/vec4 8;
    %jmp/0xz  T_6.0, 8;
    %pushi/vec4 0, 0, 1;
    %assign/vec4 v0x61c3a88c8770_0, 0;
    %jmp T_6.1;
T_6.0 ;
    %load/vec4 v0x61c3a88c7e00_0;
    %flag_set/vec4 10;
    %flag_get/vec4 10;
    %jmp/0 T_6.5, 10;
    %load/vec4 v0x61c3a88c7cc0_0;
    %and;
T_6.5;
    %flag_set/vec4 9;
    %flag_get/vec4 9;
    %jmp/0 T_6.4, 9;
    %load/vec4 v0x61c3a88c7d60_0;
    %and;
T_6.4;
    %flag_set/vec4 8;
    %jmp/0xz  T_6.2, 8;
    %load/vec4 v0x61c3a88c7aa0_0;
    %assign/vec4 v0x61c3a88c8770_0, 0;
T_6.2 ;
T_6.1 ;
    %jmp T_6;
    .thread T_6;
    .scope S_0x61c3a88c6860;
T_7 ;
    %wait E_0x61c3a8779f40;
    %load/vec4 v0x61c3a88c8830_0;
    %nor/r;
    %flag_set/vec4 8;
    %jmp/0xz  T_7.0, 8;
    %pushi/vec4 0, 0, 1;
    %assign/vec4 v0x61c3a88c8ae0_0, 0;
    %jmp T_7.1;
T_7.0 ;
    %load/vec4 v0x61c3a88c7e00_0;
    %flag_set/vec4 9;
    %flag_get/vec4 9;
    %jmp/0 T_7.4, 9;
    %load/vec4 v0x61c3a88c7cc0_0;
    %and;
T_7.4;
    %flag_set/vec4 8;
    %jmp/0xz  T_7.2, 8;
    %load/vec4 v0x61c3a88c7d60_0;
    %flag_set/vec4 10;
    %flag_get/vec4 10;
    %jmp/0 T_7.8, 10;
    %load/vec4 v0x61c3a88c86b0_0;
    %and;
T_7.8;
    %flag_set/vec4 9;
    %flag_get/vec4 9;
    %jmp/0 T_7.7, 9;
    %pushi/vec4 1, 0, 1;
    %and;
T_7.7;
    %flag_set/vec4 8;
    %jmp/0xz  T_7.5, 8;
    %pushi/vec4 1, 0, 1;
    %assign/vec4 v0x61c3a88c8ae0_0, 0;
    %jmp T_7.6;
T_7.5 ;
    %load/vec4 v0x61c3a88c86b0_0;
    %flag_set/vec4 8;
    %jmp/0xz  T_7.9, 8;
    %pushi/vec4 0, 0, 1;
    %assign/vec4 v0x61c3a88c8ae0_0, 0;
T_7.9 ;
T_7.6 ;
T_7.2 ;
T_7.1 ;
    %jmp T_7;
    .thread T_7;
    .scope S_0x61c3a88d3730;
T_8 ;
    %wait E_0x61c3a8779f40;
    %load/vec4 v0x61c3a88d5760_0;
    %nor/r;
    %flag_set/vec4 8;
    %jmp/0xz  T_8.0, 8;
    %pushi/vec4 0, 0, 1;
    %assign/vec4 v0x61c3a88d56c0_0, 0;
    %jmp T_8.1;
T_8.0 ;
    %load/vec4 v0x61c3a88d4b50_0;
    %flag_set/vec4 10;
    %flag_get/vec4 10;
    %jmp/0 T_8.5, 10;
    %load/vec4 v0x61c3a88d4970_0;
    %and;
T_8.5;
    %flag_set/vec4 9;
    %flag_get/vec4 9;
    %jmp/0 T_8.4, 9;
    %load/vec4 v0x61c3a88d4a60_0;
    %and;
T_8.4;
    %flag_set/vec4 8;
    %jmp/0xz  T_8.2, 8;
    %load/vec4 v0x61c3a88d4700_0;
    %assign/vec4 v0x61c3a88d56c0_0, 0;
T_8.2 ;
T_8.1 ;
    %jmp T_8;
    .thread T_8;
    .scope S_0x61c3a88d3730;
T_9 ;
    %wait E_0x61c3a8779f40;
    %load/vec4 v0x61c3a88d5760_0;
    %nor/r;
    %flag_set/vec4 8;
    %jmp/0xz  T_9.0, 8;
    %pushi/vec4 0, 0, 1;
    %assign/vec4 v0x61c3a88d5800_0, 0;
    %jmp T_9.1;
T_9.0 ;
    %load/vec4 v0x61c3a88d4b50_0;
    %flag_set/vec4 9;
    %flag_get/vec4 9;
    %jmp/0 T_9.4, 9;
    %load/vec4 v0x61c3a88d4970_0;
    %and;
T_9.4;
    %flag_set/vec4 8;
    %jmp/0xz  T_9.2, 8;
    %load/vec4 v0x61c3a88d4a60_0;
    %flag_set/vec4 10;
    %flag_get/vec4 10;
    %jmp/0 T_9.8, 10;
    %load/vec4 v0x61c3a88d5620_0;
    %and;
T_9.8;
    %flag_set/vec4 9;
    %flag_get/vec4 9;
    %jmp/0 T_9.7, 9;
    %pushi/vec4 0, 0, 1;
    %and;
T_9.7;
    %flag_set/vec4 8;
    %jmp/0xz  T_9.5, 8;
    %pushi/vec4 1, 0, 1;
    %assign/vec4 v0x61c3a88d5800_0, 0;
    %jmp T_9.6;
T_9.5 ;
    %load/vec4 v0x61c3a88d5620_0;
    %flag_set/vec4 8;
    %jmp/0xz  T_9.9, 8;
    %pushi/vec4 0, 0, 1;
    %assign/vec4 v0x61c3a88d5800_0, 0;
T_9.9 ;
T_9.6 ;
T_9.2 ;
T_9.1 ;
    %jmp T_9;
    .thread T_9;
    .scope S_0x61c3a88cb250;
T_10 ;
    %wait E_0x61c3a8779f40;
    %load/vec4 v0x61c3a88cd500_0;
    %nor/r;
    %flag_set/vec4 8;
    %jmp/0xz  T_10.0, 8;
    %pushi/vec4 0, 0, 1;
    %assign/vec4 v0x61c3a88cd440_0, 0;
    %jmp T_10.1;
T_10.0 ;
    %load/vec4 v0x61c3a88ccac0_0;
    %flag_set/vec4 10;
    %flag_get/vec4 10;
    %jmp/0 T_10.5, 10;
    %load/vec4 v0x61c3a88cc830_0;
    %and;
T_10.5;
    %flag_set/vec4 9;
    %flag_get/vec4 9;
    %jmp/0 T_10.4, 9;
    %load/vec4 v0x61c3a88cca00_0;
    %and;
T_10.4;
    %flag_set/vec4 8;
    %jmp/0xz  T_10.2, 8;
    %load/vec4 v0x61c3a88cc5d0_0;
    %assign/vec4 v0x61c3a88cd440_0, 0;
T_10.2 ;
T_10.1 ;
    %jmp T_10;
    .thread T_10;
    .scope S_0x61c3a88cb250;
T_11 ;
    %wait E_0x61c3a8779f40;
    %load/vec4 v0x61c3a88cd500_0;
    %nor/r;
    %flag_set/vec4 8;
    %jmp/0xz  T_11.0, 8;
    %pushi/vec4 0, 0, 1;
    %assign/vec4 v0x61c3a88cd7b0_0, 0;
    %jmp T_11.1;
T_11.0 ;
    %load/vec4 v0x61c3a88ccac0_0;
    %flag_set/vec4 9;
    %flag_get/vec4 9;
    %jmp/0 T_11.4, 9;
    %load/vec4 v0x61c3a88cc830_0;
    %and;
T_11.4;
    %flag_set/vec4 8;
    %jmp/0xz  T_11.2, 8;
    %load/vec4 v0x61c3a88cca00_0;
    %flag_set/vec4 10;
    %flag_get/vec4 10;
    %jmp/0 T_11.8, 10;
    %load/vec4 v0x61c3a88cd380_0;
    %and;
T_11.8;
    %flag_set/vec4 9;
    %flag_get/vec4 9;
    %jmp/0 T_11.7, 9;
    %pushi/vec4 1, 0, 1;
    %and;
T_11.7;
    %flag_set/vec4 8;
    %jmp/0xz  T_11.5, 8;
    %pushi/vec4 1, 0, 1;
    %assign/vec4 v0x61c3a88cd7b0_0, 0;
    %jmp T_11.6;
T_11.5 ;
    %load/vec4 v0x61c3a88cd380_0;
    %flag_set/vec4 8;
    %jmp/0xz  T_11.9, 8;
    %pushi/vec4 0, 0, 1;
    %assign/vec4 v0x61c3a88cd7b0_0, 0;
T_11.9 ;
T_11.6 ;
T_11.2 ;
T_11.1 ;
    %jmp T_11;
    .thread T_11;
    .scope S_0x61c3a88d2320;
T_12 ;
    %wait E_0x61c3a8779f40;
    %load/vec4 v0x61c3a88d2fe0_0;
    %nor/r;
    %flag_set/vec4 8;
    %jmp/0xz  T_12.0, 8;
    %pushi/vec4 0, 0, 1;
    %assign/vec4 v0x61c3a88d2f20_0, 0;
    %pushi/vec4 0, 0, 1;
    %assign/vec4 v0x61c3a88d2e60_0, 0;
    %pushi/vec4 0, 0, 1;
    %assign/vec4 v0x61c3a88d2ce0_0, 0;
    %pushi/vec4 0, 0, 8;
    %assign/vec4 v0x61c3a88d2c00_0, 0;
    %jmp T_12.1;
T_12.0 ;
    %load/vec4 v0x61c3a88d2970_0;
    %flag_set/vec4 8;
    %jmp/0xz  T_12.2, 8;
    %load/vec4 v0x61c3a88d2b40_0;
    %assign/vec4 v0x61c3a88d2f20_0, 0;
    %load/vec4 v0x61c3a88d27e0_0;
    %assign/vec4 v0x61c3a88d2c00_0, 0;
    %load/vec4 v0x61c3a88d2a80_0;
    %assign/vec4 v0x61c3a88d2e60_0, 0;
    %load/vec4 v0x61c3a88d28b0_0;
    %assign/vec4 v0x61c3a88d2ce0_0, 0;
T_12.2 ;
T_12.1 ;
    %jmp T_12;
    .thread T_12;
    .scope S_0x61c3a88d6f30;
T_13 ;
    %wait E_0x61c3a8779f40;
    %load/vec4 v0x61c3a88d8de0_0;
    %nor/r;
    %flag_set/vec4 8;
    %jmp/0xz  T_13.0, 8;
    %pushi/vec4 0, 0, 1;
    %assign/vec4 v0x61c3a88d8d20_0, 0;
    %jmp T_13.1;
T_13.0 ;
    %load/vec4 v0x61c3a88d8230_0;
    %flag_set/vec4 10;
    %flag_get/vec4 10;
    %jmp/0 T_13.5, 10;
    %load/vec4 v0x61c3a88d80f0_0;
    %and;
T_13.5;
    %flag_set/vec4 9;
    %flag_get/vec4 9;
    %jmp/0 T_13.4, 9;
    %load/vec4 v0x61c3a88d8190_0;
    %and;
T_13.4;
    %flag_set/vec4 8;
    %jmp/0xz  T_13.2, 8;
    %load/vec4 v0x61c3a88d7ed0_0;
    %assign/vec4 v0x61c3a88d8d20_0, 0;
T_13.2 ;
T_13.1 ;
    %jmp T_13;
    .thread T_13;
    .scope S_0x61c3a88d6f30;
T_14 ;
    %wait E_0x61c3a8779f40;
    %load/vec4 v0x61c3a88d8de0_0;
    %nor/r;
    %flag_set/vec4 8;
    %jmp/0xz  T_14.0, 8;
    %pushi/vec4 0, 0, 1;
    %assign/vec4 v0x61c3a88d8e80_0, 0;
    %jmp T_14.1;
T_14.0 ;
    %load/vec4 v0x61c3a88d8230_0;
    %flag_set/vec4 9;
    %flag_get/vec4 9;
    %jmp/0 T_14.4, 9;
    %load/vec4 v0x61c3a88d80f0_0;
    %and;
T_14.4;
    %flag_set/vec4 8;
    %jmp/0xz  T_14.2, 8;
    %load/vec4 v0x61c3a88d8190_0;
    %flag_set/vec4 10;
    %flag_get/vec4 10;
    %jmp/0 T_14.8, 10;
    %load/vec4 v0x61c3a88d8c60_0;
    %and;
T_14.8;
    %flag_set/vec4 9;
    %flag_get/vec4 9;
    %jmp/0 T_14.7, 9;
    %pushi/vec4 0, 0, 1;
    %and;
T_14.7;
    %flag_set/vec4 8;
    %jmp/0xz  T_14.5, 8;
    %pushi/vec4 1, 0, 1;
    %assign/vec4 v0x61c3a88d8e80_0, 0;
    %jmp T_14.6;
T_14.5 ;
    %load/vec4 v0x61c3a88d8c60_0;
    %flag_set/vec4 8;
    %jmp/0xz  T_14.9, 8;
    %pushi/vec4 0, 0, 1;
    %assign/vec4 v0x61c3a88d8e80_0, 0;
T_14.9 ;
T_14.6 ;
T_14.2 ;
T_14.1 ;
    %jmp T_14;
    .thread T_14;
    .scope S_0x61c3a88ceeb0;
T_15 ;
    %wait E_0x61c3a8779f40;
    %load/vec4 v0x61c3a88d0f30_0;
    %nor/r;
    %flag_set/vec4 8;
    %jmp/0xz  T_15.0, 8;
    %pushi/vec4 0, 0, 1;
    %assign/vec4 v0x61c3a88d0e70_0, 0;
    %jmp T_15.1;
T_15.0 ;
    %load/vec4 v0x61c3a88d04f0_0;
    %flag_set/vec4 10;
    %flag_get/vec4 10;
    %jmp/0 T_15.5, 10;
    %load/vec4 v0x61c3a88d0260_0;
    %and;
T_15.5;
    %flag_set/vec4 9;
    %flag_get/vec4 9;
    %jmp/0 T_15.4, 9;
    %load/vec4 v0x61c3a88d0430_0;
    %and;
T_15.4;
    %flag_set/vec4 8;
    %jmp/0xz  T_15.2, 8;
    %load/vec4 v0x61c3a88d0000_0;
    %assign/vec4 v0x61c3a88d0e70_0, 0;
T_15.2 ;
T_15.1 ;
    %jmp T_15;
    .thread T_15;
    .scope S_0x61c3a88ceeb0;
T_16 ;
    %wait E_0x61c3a8779f40;
    %load/vec4 v0x61c3a88d0f30_0;
    %nor/r;
    %flag_set/vec4 8;
    %jmp/0xz  T_16.0, 8;
    %pushi/vec4 0, 0, 1;
    %assign/vec4 v0x61c3a88d11e0_0, 0;
    %jmp T_16.1;
T_16.0 ;
    %load/vec4 v0x61c3a88d04f0_0;
    %flag_set/vec4 9;
    %flag_get/vec4 9;
    %jmp/0 T_16.4, 9;
    %load/vec4 v0x61c3a88d0260_0;
    %and;
T_16.4;
    %flag_set/vec4 8;
    %jmp/0xz  T_16.2, 8;
    %load/vec4 v0x61c3a88d0430_0;
    %flag_set/vec4 10;
    %flag_get/vec4 10;
    %jmp/0 T_16.8, 10;
    %load/vec4 v0x61c3a88d0db0_0;
    %and;
T_16.8;
    %flag_set/vec4 9;
    %flag_get/vec4 9;
    %jmp/0 T_16.7, 9;
    %pushi/vec4 1, 0, 1;
    %and;
T_16.7;
    %flag_set/vec4 8;
    %jmp/0xz  T_16.5, 8;
    %pushi/vec4 1, 0, 1;
    %assign/vec4 v0x61c3a88d11e0_0, 0;
    %jmp T_16.6;
T_16.5 ;
    %load/vec4 v0x61c3a88d0db0_0;
    %flag_set/vec4 8;
    %jmp/0xz  T_16.9, 8;
    %pushi/vec4 0, 0, 1;
    %assign/vec4 v0x61c3a88d11e0_0, 0;
T_16.9 ;
T_16.6 ;
T_16.2 ;
T_16.1 ;
    %jmp T_16;
    .thread T_16;
    .scope S_0x61c3a88e2a00;
T_17 ;
    %wait E_0x61c3a8779f40;
    %load/vec4 v0x61c3a88e4a30_0;
    %nor/r;
    %flag_set/vec4 8;
    %jmp/0xz  T_17.0, 8;
    %pushi/vec4 0, 0, 1;
    %assign/vec4 v0x61c3a88e4990_0, 0;
    %jmp T_17.1;
T_17.0 ;
    %load/vec4 v0x61c3a88e3e20_0;
    %flag_set/vec4 10;
    %flag_get/vec4 10;
    %jmp/0 T_17.5, 10;
    %load/vec4 v0x61c3a88e3c40_0;
    %and;
T_17.5;
    %flag_set/vec4 9;
    %flag_get/vec4 9;
    %jmp/0 T_17.4, 9;
    %load/vec4 v0x61c3a88e3d30_0;
    %and;
T_17.4;
    %flag_set/vec4 8;
    %jmp/0xz  T_17.2, 8;
    %load/vec4 v0x61c3a88e39d0_0;
    %assign/vec4 v0x61c3a88e4990_0, 0;
T_17.2 ;
T_17.1 ;
    %jmp T_17;
    .thread T_17;
    .scope S_0x61c3a88e2a00;
T_18 ;
    %wait E_0x61c3a8779f40;
    %load/vec4 v0x61c3a88e4a30_0;
    %nor/r;
    %flag_set/vec4 8;
    %jmp/0xz  T_18.0, 8;
    %pushi/vec4 0, 0, 1;
    %assign/vec4 v0x61c3a88e4ad0_0, 0;
    %jmp T_18.1;
T_18.0 ;
    %load/vec4 v0x61c3a88e3e20_0;
    %flag_set/vec4 9;
    %flag_get/vec4 9;
    %jmp/0 T_18.4, 9;
    %load/vec4 v0x61c3a88e3c40_0;
    %and;
T_18.4;
    %flag_set/vec4 8;
    %jmp/0xz  T_18.2, 8;
    %load/vec4 v0x61c3a88e3d30_0;
    %flag_set/vec4 10;
    %flag_get/vec4 10;
    %jmp/0 T_18.8, 10;
    %load/vec4 v0x61c3a88e48f0_0;
    %and;
T_18.8;
    %flag_set/vec4 9;
    %flag_get/vec4 9;
    %jmp/0 T_18.7, 9;
    %pushi/vec4 0, 0, 1;
    %and;
T_18.7;
    %flag_set/vec4 8;
    %jmp/0xz  T_18.5, 8;
    %pushi/vec4 1, 0, 1;
    %assign/vec4 v0x61c3a88e4ad0_0, 0;
    %jmp T_18.6;
T_18.5 ;
    %load/vec4 v0x61c3a88e48f0_0;
    %flag_set/vec4 8;
    %jmp/0xz  T_18.9, 8;
    %pushi/vec4 0, 0, 1;
    %assign/vec4 v0x61c3a88e4ad0_0, 0;
T_18.9 ;
T_18.6 ;
T_18.2 ;
T_18.1 ;
    %jmp T_18;
    .thread T_18;
    .scope S_0x61c3a88da860;
T_19 ;
    %wait E_0x61c3a8779f40;
    %load/vec4 v0x61c3a88dc940_0;
    %nor/r;
    %flag_set/vec4 8;
    %jmp/0xz  T_19.0, 8;
    %pushi/vec4 0, 0, 1;
    %assign/vec4 v0x61c3a88dc880_0, 0;
    %jmp T_19.1;
T_19.0 ;
    %load/vec4 v0x61c3a88dbe80_0;
    %flag_set/vec4 10;
    %flag_get/vec4 10;
    %jmp/0 T_19.5, 10;
    %load/vec4 v0x61c3a88dbd00_0;
    %and;
T_19.5;
    %flag_set/vec4 9;
    %flag_get/vec4 9;
    %jmp/0 T_19.4, 9;
    %load/vec4 v0x61c3a88dbdc0_0;
    %and;
T_19.4;
    %flag_set/vec4 8;
    %jmp/0xz  T_19.2, 8;
    %load/vec4 v0x61c3a88dbaa0_0;
    %assign/vec4 v0x61c3a88dc880_0, 0;
T_19.2 ;
T_19.1 ;
    %jmp T_19;
    .thread T_19;
    .scope S_0x61c3a88da860;
T_20 ;
    %wait E_0x61c3a8779f40;
    %load/vec4 v0x61c3a88dc940_0;
    %nor/r;
    %flag_set/vec4 8;
    %jmp/0xz  T_20.0, 8;
    %pushi/vec4 0, 0, 1;
    %assign/vec4 v0x61c3a88dcbf0_0, 0;
    %jmp T_20.1;
T_20.0 ;
    %load/vec4 v0x61c3a88dbe80_0;
    %flag_set/vec4 9;
    %flag_get/vec4 9;
    %jmp/0 T_20.4, 9;
    %load/vec4 v0x61c3a88dbd00_0;
    %and;
T_20.4;
    %flag_set/vec4 8;
    %jmp/0xz  T_20.2, 8;
    %load/vec4 v0x61c3a88dbdc0_0;
    %flag_set/vec4 10;
    %flag_get/vec4 10;
    %jmp/0 T_20.8, 10;
    %load/vec4 v0x61c3a88dc7c0_0;
    %and;
T_20.8;
    %flag_set/vec4 9;
    %flag_get/vec4 9;
    %jmp/0 T_20.7, 9;
    %pushi/vec4 1, 0, 1;
    %and;
T_20.7;
    %flag_set/vec4 8;
    %jmp/0xz  T_20.5, 8;
    %pushi/vec4 1, 0, 1;
    %assign/vec4 v0x61c3a88dcbf0_0, 0;
    %jmp T_20.6;
T_20.5 ;
    %load/vec4 v0x61c3a88dc7c0_0;
    %flag_set/vec4 8;
    %jmp/0xz  T_20.9, 8;
    %pushi/vec4 0, 0, 1;
    %assign/vec4 v0x61c3a88dcbf0_0, 0;
T_20.9 ;
T_20.6 ;
T_20.2 ;
T_20.1 ;
    %jmp T_20;
    .thread T_20;
    .scope S_0x61c3a88e1570;
T_21 ;
    %wait E_0x61c3a8779f40;
    %load/vec4 v0x61c3a88e2340_0;
    %nor/r;
    %flag_set/vec4 8;
    %jmp/0xz  T_21.0, 8;
    %pushi/vec4 0, 0, 1;
    %assign/vec4 v0x61c3a88e2280_0, 0;
    %pushi/vec4 0, 0, 1;
    %assign/vec4 v0x61c3a88e21c0_0, 0;
    %pushi/vec4 0, 0, 1;
    %assign/vec4 v0x61c3a88e2040_0, 0;
    %pushi/vec4 0, 0, 8;
    %assign/vec4 v0x61c3a88e1f60_0, 0;
    %jmp T_21.1;
T_21.0 ;
    %load/vec4 v0x61c3a88e1cd0_0;
    %flag_set/vec4 8;
    %jmp/0xz  T_21.2, 8;
    %load/vec4 v0x61c3a88e1ea0_0;
    %assign/vec4 v0x61c3a88e2280_0, 0;
    %load/vec4 v0x61c3a88e1b40_0;
    %assign/vec4 v0x61c3a88e1f60_0, 0;
    %load/vec4 v0x61c3a88e1de0_0;
    %assign/vec4 v0x61c3a88e21c0_0, 0;
    %load/vec4 v0x61c3a88e1c10_0;
    %assign/vec4 v0x61c3a88e2040_0, 0;
T_21.2 ;
T_21.1 ;
    %jmp T_21;
    .thread T_21;
    .scope S_0x61c3a88e6200;
T_22 ;
    %wait E_0x61c3a8779f40;
    %load/vec4 v0x61c3a88e80b0_0;
    %nor/r;
    %flag_set/vec4 8;
    %jmp/0xz  T_22.0, 8;
    %pushi/vec4 0, 0, 1;
    %assign/vec4 v0x61c3a88e7ff0_0, 0;
    %jmp T_22.1;
T_22.0 ;
    %load/vec4 v0x61c3a88e7500_0;
    %flag_set/vec4 10;
    %flag_get/vec4 10;
    %jmp/0 T_22.5, 10;
    %load/vec4 v0x61c3a88e73c0_0;
    %and;
T_22.5;
    %flag_set/vec4 9;
    %flag_get/vec4 9;
    %jmp/0 T_22.4, 9;
    %load/vec4 v0x61c3a88e7460_0;
    %and;
T_22.4;
    %flag_set/vec4 8;
    %jmp/0xz  T_22.2, 8;
    %load/vec4 v0x61c3a88e71a0_0;
    %assign/vec4 v0x61c3a88e7ff0_0, 0;
T_22.2 ;
T_22.1 ;
    %jmp T_22;
    .thread T_22;
    .scope S_0x61c3a88e6200;
T_23 ;
    %wait E_0x61c3a8779f40;
    %load/vec4 v0x61c3a88e80b0_0;
    %nor/r;
    %flag_set/vec4 8;
    %jmp/0xz  T_23.0, 8;
    %pushi/vec4 0, 0, 1;
    %assign/vec4 v0x61c3a88e8150_0, 0;
    %jmp T_23.1;
T_23.0 ;
    %load/vec4 v0x61c3a88e7500_0;
    %flag_set/vec4 9;
    %flag_get/vec4 9;
    %jmp/0 T_23.4, 9;
    %load/vec4 v0x61c3a88e73c0_0;
    %and;
T_23.4;
    %flag_set/vec4 8;
    %jmp/0xz  T_23.2, 8;
    %load/vec4 v0x61c3a88e7460_0;
    %flag_set/vec4 10;
    %flag_get/vec4 10;
    %jmp/0 T_23.8, 10;
    %load/vec4 v0x61c3a88e7f30_0;
    %and;
T_23.8;
    %flag_set/vec4 9;
    %flag_get/vec4 9;
    %jmp/0 T_23.7, 9;
    %pushi/vec4 0, 0, 1;
    %and;
T_23.7;
    %flag_set/vec4 8;
    %jmp/0xz  T_23.5, 8;
    %pushi/vec4 1, 0, 1;
    %assign/vec4 v0x61c3a88e8150_0, 0;
    %jmp T_23.6;
T_23.5 ;
    %load/vec4 v0x61c3a88e7f30_0;
    %flag_set/vec4 8;
    %jmp/0xz  T_23.9, 8;
    %pushi/vec4 0, 0, 1;
    %assign/vec4 v0x61c3a88e8150_0, 0;
T_23.9 ;
T_23.6 ;
T_23.2 ;
T_23.1 ;
    %jmp T_23;
    .thread T_23;
    .scope S_0x61c3a88ddfe0;
T_24 ;
    %wait E_0x61c3a8779f40;
    %load/vec4 v0x61c3a88e0180_0;
    %nor/r;
    %flag_set/vec4 8;
    %jmp/0xz  T_24.0, 8;
    %pushi/vec4 0, 0, 1;
    %assign/vec4 v0x61c3a88e00c0_0, 0;
    %jmp T_24.1;
T_24.0 ;
    %load/vec4 v0x61c3a88df740_0;
    %flag_set/vec4 10;
    %flag_get/vec4 10;
    %jmp/0 T_24.5, 10;
    %load/vec4 v0x61c3a88df4b0_0;
    %and;
T_24.5;
    %flag_set/vec4 9;
    %flag_get/vec4 9;
    %jmp/0 T_24.4, 9;
    %load/vec4 v0x61c3a88df680_0;
    %and;
T_24.4;
    %flag_set/vec4 8;
    %jmp/0xz  T_24.2, 8;
    %load/vec4 v0x61c3a88df250_0;
    %assign/vec4 v0x61c3a88e00c0_0, 0;
T_24.2 ;
T_24.1 ;
    %jmp T_24;
    .thread T_24;
    .scope S_0x61c3a88ddfe0;
T_25 ;
    %wait E_0x61c3a8779f40;
    %load/vec4 v0x61c3a88e0180_0;
    %nor/r;
    %flag_set/vec4 8;
    %jmp/0xz  T_25.0, 8;
    %pushi/vec4 0, 0, 1;
    %assign/vec4 v0x61c3a88e0430_0, 0;
    %jmp T_25.1;
T_25.0 ;
    %load/vec4 v0x61c3a88df740_0;
    %flag_set/vec4 9;
    %flag_get/vec4 9;
    %jmp/0 T_25.4, 9;
    %load/vec4 v0x61c3a88df4b0_0;
    %and;
T_25.4;
    %flag_set/vec4 8;
    %jmp/0xz  T_25.2, 8;
    %load/vec4 v0x61c3a88df680_0;
    %flag_set/vec4 10;
    %flag_get/vec4 10;
    %jmp/0 T_25.8, 10;
    %load/vec4 v0x61c3a88e0000_0;
    %and;
T_25.8;
    %flag_set/vec4 9;
    %flag_get/vec4 9;
    %jmp/0 T_25.7, 9;
    %pushi/vec4 1, 0, 1;
    %and;
T_25.7;
    %flag_set/vec4 8;
    %jmp/0xz  T_25.5, 8;
    %pushi/vec4 1, 0, 1;
    %assign/vec4 v0x61c3a88e0430_0, 0;
    %jmp T_25.6;
T_25.5 ;
    %load/vec4 v0x61c3a88e0000_0;
    %flag_set/vec4 8;
    %jmp/0xz  T_25.9, 8;
    %pushi/vec4 0, 0, 1;
    %assign/vec4 v0x61c3a88e0430_0, 0;
T_25.9 ;
T_25.6 ;
T_25.2 ;
T_25.1 ;
    %jmp T_25;
    .thread T_25;
    .scope S_0x61c3a886f400;
T_26 ;
    %wait E_0x61c3a8779f40;
    %load/vec4 v0x61c3a88c05c0_0;
    %nor/r;
    %flag_set/vec4 8;
    %jmp/0xz  T_26.0, 8;
    %pushi/vec4 0, 0, 1;
    %assign/vec4 v0x61c3a88c0500_0, 0;
    %pushi/vec4 0, 0, 1;
    %assign/vec4 v0x61c3a88c0440_0, 0;
    %pushi/vec4 0, 0, 1;
    %assign/vec4 v0x61c3a88c02c0_0, 0;
    %pushi/vec4 0, 0, 8;
    %assign/vec4 v0x61c3a88c01e0_0, 0;
    %jmp T_26.1;
T_26.0 ;
    %load/vec4 v0x61c3a88bff50_0;
    %flag_set/vec4 8;
    %jmp/0xz  T_26.2, 8;
    %load/vec4 v0x61c3a88c0120_0;
    %assign/vec4 v0x61c3a88c0500_0, 0;
    %load/vec4 v0x61c3a885c100_0;
    %assign/vec4 v0x61c3a88c01e0_0, 0;
    %load/vec4 v0x61c3a88c0060_0;
    %assign/vec4 v0x61c3a88c0440_0, 0;
    %load/vec4 v0x61c3a888a490_0;
    %assign/vec4 v0x61c3a88c02c0_0, 0;
T_26.2 ;
T_26.1 ;
    %jmp T_26;
    .thread T_26;
    .scope S_0x61c3a88685b0;
T_27 ;
    %wait E_0x61c3a8779f40;
    %load/vec4 v0x61c3a88c1130_0;
    %nor/r;
    %flag_set/vec4 8;
    %jmp/0xz  T_27.0, 8;
    %pushi/vec4 0, 0, 1;
    %assign/vec4 v0x61c3a88c1070_0, 0;
    %pushi/vec4 0, 0, 1;
    %assign/vec4 v0x61c3a88c0fb0_0, 0;
    %pushi/vec4 0, 0, 1;
    %assign/vec4 v0x61c3a88c0e30_0, 0;
    %pushi/vec4 0, 0, 8;
    %assign/vec4 v0x61c3a88c0d50_0, 0;
    %jmp T_27.1;
T_27.0 ;
    %load/vec4 v0x61c3a88c0ac0_0;
    %flag_set/vec4 8;
    %jmp/0xz  T_27.2, 8;
    %load/vec4 v0x61c3a88c0c90_0;
    %assign/vec4 v0x61c3a88c1070_0, 0;
    %load/vec4 v0x61c3a88c0980_0;
    %assign/vec4 v0x61c3a88c0d50_0, 0;
    %load/vec4 v0x61c3a88c0bd0_0;
    %assign/vec4 v0x61c3a88c0fb0_0, 0;
    %load/vec4 v0x61c3a88c0a20_0;
    %assign/vec4 v0x61c3a88c0e30_0, 0;
T_27.2 ;
T_27.1 ;
    %jmp T_27;
    .thread T_27;
    .scope S_0x61c3a888d6c0;
T_28 ;
    %wait E_0x61c3a8779f40;
    %load/vec4 v0x61c3a88c1cf0_0;
    %nor/r;
    %flag_set/vec4 8;
    %jmp/0xz  T_28.0, 8;
    %pushi/vec4 0, 0, 1;
    %assign/vec4 v0x61c3a88c1c30_0, 0;
    %pushi/vec4 0, 0, 1;
    %assign/vec4 v0x61c3a88c1b70_0, 0;
    %pushi/vec4 0, 0, 1;
    %assign/vec4 v0x61c3a88c19f0_0, 0;
    %pushi/vec4 0, 0, 8;
    %assign/vec4 v0x61c3a88c1910_0, 0;
    %jmp T_28.1;
T_28.0 ;
    %load/vec4 v0x61c3a88c1680_0;
    %flag_set/vec4 8;
    %jmp/0xz  T_28.2, 8;
    %load/vec4 v0x61c3a88c1850_0;
    %assign/vec4 v0x61c3a88c1c30_0, 0;
    %load/vec4 v0x61c3a88c1520_0;
    %assign/vec4 v0x61c3a88c1910_0, 0;
    %load/vec4 v0x61c3a88c1790_0;
    %assign/vec4 v0x61c3a88c1b70_0, 0;
    %load/vec4 v0x61c3a88c15c0_0;
    %assign/vec4 v0x61c3a88c19f0_0, 0;
T_28.2 ;
T_28.1 ;
    %jmp T_28;
    .thread T_28;
    .scope S_0x61c3a88ef830;
T_29 ;
    %wait E_0x61c3a8779f40;
    %load/vec4 v0x61c3a88f06a0_0;
    %nor/r;
    %flag_set/vec4 8;
    %jmp/0xz  T_29.0, 8;
    %pushi/vec4 1, 0, 1;
    %assign/vec4 v0x61c3a88f0340_0, 0;
    %pushi/vec4 0, 0, 32;
    %assign/vec4 v0x61c3a88efcd0_0, 0;
    %pushi/vec4 0, 0, 32;
    %assign/vec4 v0x61c3a88f05c0_0, 0;
    %pushi/vec4 0, 0, 32;
    %assign/vec4 v0x61c3a88efdd0_0, 0;
    %pushi/vec4 0, 0, 32;
    %assign/vec4 v0x61c3a88f0b50_0, 0;
    %pushi/vec4 0, 0, 32;
    %assign/vec4 v0x61c3a88f0010_0, 0;
    %pushi/vec4 0, 0, 2;
    %assign/vec4 v0x61c3a88eff50_0, 0;
    %jmp T_29.1;
T_29.0 ;
    %load/vec4 v0x61c3a88eff50_0;
    %addi 1, 0, 2;
    %assign/vec4 v0x61c3a88eff50_0, 0;
    %pushi/vec4 1, 0, 1;
    %assign/vec4 v0x61c3a88f0340_0, 0;
    %load/vec4 v0x61c3a88f04d0_0;
    %flag_set/vec4 9;
    %flag_get/vec4 9;
    %jmp/0 T_29.4, 9;
    %load/vec4 v0x61c3a88f0340_0;
    %and;
T_29.4;
    %flag_set/vec4 8;
    %jmp/0xz  T_29.2, 8;
    %load/vec4 v0x61c3a88efcd0_0;
    %addi 1, 0, 32;
    %assign/vec4 v0x61c3a88efcd0_0, 0;
    %load/vec4 v0x61c3a88efdd0_0;
    %pushi/vec4 0, 0, 24;
    %load/vec4 v0x61c3a88f0140_0;
    %concat/vec4; draw_concat_vec4
    %add;
    %assign/vec4 v0x61c3a88efdd0_0, 0;
    %load/vec4 v0x61c3a88f0430_0;
    %flag_set/vec4 8;
    %jmp/0xz  T_29.5, 8;
    %load/vec4 v0x61c3a88f0b50_0;
    %addi 1, 0, 32;
    %assign/vec4 v0x61c3a88f0b50_0, 0;
T_29.5 ;
    %load/vec4 v0x61c3a88f0250_0;
    %flag_set/vec4 8;
    %jmp/0xz  T_29.7, 8;
    %load/vec4 v0x61c3a88f0010_0;
    %addi 1, 0, 32;
    %assign/vec4 v0x61c3a88f0010_0, 0;
    %load/vec4 v0x61c3a88f05c0_0;
    %addi 1, 0, 32;
    %assign/vec4 v0x61c3a88f05c0_0, 0;
T_29.7 ;
T_29.2 ;
T_29.1 ;
    %jmp T_29;
    .thread T_29;
    .scope S_0x61c3a88e93a0;
T_30 ;
    %wait E_0x61c3a8779f40;
    %load/vec4 v0x61c3a88e9fb0_0;
    %nor/r;
    %flag_set/vec4 8;
    %jmp/0xz  T_30.0, 8;
    %pushi/vec4 1, 0, 1;
    %assign/vec4 v0x61c3a88e9d30_0, 0;
    %pushi/vec4 0, 0, 32;
    %assign/vec4 v0x61c3a88e9760_0, 0;
    %pushi/vec4 0, 0, 32;
    %assign/vec4 v0x61c3a88e9f10_0, 0;
    %pushi/vec4 0, 0, 32;
    %assign/vec4 v0x61c3a88e9860_0, 0;
    %pushi/vec4 0, 0, 32;
    %assign/vec4 v0x61c3a88ea050_0, 0;
    %pushi/vec4 0, 0, 32;
    %assign/vec4 v0x61c3a88e9aa0_0, 0;
    %pushi/vec4 0, 0, 2;
    %assign/vec4 v0x61c3a88e99e0_0, 0;
    %jmp T_30.1;
T_30.0 ;
    %load/vec4 v0x61c3a88e99e0_0;
    %addi 1, 0, 2;
    %assign/vec4 v0x61c3a88e99e0_0, 0;
    %load/vec4 v0x61c3a88e99e0_0;
    %parti/s 1, 0, 2;
    %assign/vec4 v0x61c3a88e9d30_0, 0;
    %load/vec4 v0x61c3a88e9e70_0;
    %flag_set/vec4 9;
    %flag_get/vec4 9;
    %jmp/0 T_30.4, 9;
    %load/vec4 v0x61c3a88e9d30_0;
    %and;
T_30.4;
    %flag_set/vec4 8;
    %jmp/0xz  T_30.2, 8;
    %load/vec4 v0x61c3a88e9760_0;
    %addi 1, 0, 32;
    %assign/vec4 v0x61c3a88e9760_0, 0;
    %load/vec4 v0x61c3a88e9860_0;
    %pushi/vec4 0, 0, 24;
    %load/vec4 v0x61c3a88e9bd0_0;
    %concat/vec4; draw_concat_vec4
    %add;
    %assign/vec4 v0x61c3a88e9860_0, 0;
    %load/vec4 v0x61c3a88e9dd0_0;
    %flag_set/vec4 8;
    %jmp/0xz  T_30.5, 8;
    %load/vec4 v0x61c3a88ea050_0;
    %addi 1, 0, 32;
    %assign/vec4 v0x61c3a88ea050_0, 0;
T_30.5 ;
    %load/vec4 v0x61c3a88e9c90_0;
    %flag_set/vec4 8;
    %jmp/0xz  T_30.7, 8;
    %load/vec4 v0x61c3a88e9aa0_0;
    %addi 1, 0, 32;
    %assign/vec4 v0x61c3a88e9aa0_0, 0;
    %load/vec4 v0x61c3a88e9f10_0;
    %addi 1, 0, 32;
    %assign/vec4 v0x61c3a88e9f10_0, 0;
T_30.7 ;
T_30.2 ;
T_30.1 ;
    %jmp T_30;
    .thread T_30;
    .scope S_0x61c3a88ea2c0;
T_31 ;
    %wait E_0x61c3a8779f40;
    %load/vec4 v0x61c3a88eafc0_0;
    %nor/r;
    %flag_set/vec4 8;
    %jmp/0xz  T_31.0, 8;
    %pushi/vec4 1, 0, 1;
    %assign/vec4 v0x61c3a88eace0_0, 0;
    %pushi/vec4 0, 0, 32;
    %assign/vec4 v0x61c3a88ea710_0, 0;
    %pushi/vec4 0, 0, 32;
    %assign/vec4 v0x61c3a88eaf20_0, 0;
    %pushi/vec4 0, 0, 32;
    %assign/vec4 v0x61c3a88ea810_0, 0;
    %pushi/vec4 0, 0, 32;
    %assign/vec4 v0x61c3a88eb060_0, 0;
    %pushi/vec4 0, 0, 32;
    %assign/vec4 v0x61c3a88eaa50_0, 0;
    %pushi/vec4 0, 0, 2;
    %assign/vec4 v0x61c3a88ea990_0, 0;
    %jmp T_31.1;
T_31.0 ;
    %load/vec4 v0x61c3a88ea990_0;
    %addi 1, 0, 2;
    %assign/vec4 v0x61c3a88ea990_0, 0;
    %load/vec4 v0x61c3a88ea990_0;
    %pushi/vec4 0, 0, 2;
    %cmp/e;
    %flag_get/vec4 4;
    %assign/vec4 v0x61c3a88eace0_0, 0;
    %load/vec4 v0x61c3a88eae50_0;
    %flag_set/vec4 9;
    %flag_get/vec4 9;
    %jmp/0 T_31.4, 9;
    %load/vec4 v0x61c3a88eace0_0;
    %and;
T_31.4;
    %flag_set/vec4 8;
    %jmp/0xz  T_31.2, 8;
    %load/vec4 v0x61c3a88ea710_0;
    %addi 1, 0, 32;
    %assign/vec4 v0x61c3a88ea710_0, 0;
    %load/vec4 v0x61c3a88ea810_0;
    %pushi/vec4 0, 0, 24;
    %load/vec4 v0x61c3a88eab80_0;
    %concat/vec4; draw_concat_vec4
    %add;
    %assign/vec4 v0x61c3a88ea810_0, 0;
    %load/vec4 v0x61c3a88ead80_0;
    %flag_set/vec4 8;
    %jmp/0xz  T_31.5, 8;
    %load/vec4 v0x61c3a88eb060_0;
    %addi 1, 0, 32;
    %assign/vec4 v0x61c3a88eb060_0, 0;
T_31.5 ;
    %load/vec4 v0x61c3a88eac40_0;
    %flag_set/vec4 8;
    %jmp/0xz  T_31.7, 8;
    %load/vec4 v0x61c3a88eaa50_0;
    %addi 1, 0, 32;
    %assign/vec4 v0x61c3a88eaa50_0, 0;
    %load/vec4 v0x61c3a88eaf20_0;
    %addi 1, 0, 32;
    %assign/vec4 v0x61c3a88eaf20_0, 0;
T_31.7 ;
T_31.2 ;
T_31.1 ;
    %jmp T_31;
    .thread T_31;
    .scope S_0x61c3a88ec4c0;
T_32 ;
    %wait E_0x61c3a8779f40;
    %load/vec4 v0x61c3a88ed330_0;
    %nor/r;
    %flag_set/vec4 8;
    %jmp/0xz  T_32.0, 8;
    %pushi/vec4 1, 0, 1;
    %assign/vec4 v0x61c3a88ecfd0_0, 0;
    %pushi/vec4 0, 0, 32;
    %assign/vec4 v0x61c3a88ec960_0, 0;
    %pushi/vec4 0, 0, 32;
    %assign/vec4 v0x61c3a88ed250_0, 0;
    %pushi/vec4 0, 0, 32;
    %assign/vec4 v0x61c3a88eca60_0, 0;
    %pushi/vec4 0, 0, 32;
    %assign/vec4 v0x61c3a88ed3d0_0, 0;
    %pushi/vec4 0, 0, 32;
    %assign/vec4 v0x61c3a88ecca0_0, 0;
    %pushi/vec4 0, 0, 2;
    %assign/vec4 v0x61c3a88ecbe0_0, 0;
    %jmp T_32.1;
T_32.0 ;
    %load/vec4 v0x61c3a88ecbe0_0;
    %addi 1, 0, 2;
    %assign/vec4 v0x61c3a88ecbe0_0, 0;
    %pushi/vec4 1, 0, 1;
    %assign/vec4 v0x61c3a88ecfd0_0, 0;
    %load/vec4 v0x61c3a88ed160_0;
    %flag_set/vec4 9;
    %flag_get/vec4 9;
    %jmp/0 T_32.4, 9;
    %load/vec4 v0x61c3a88ecfd0_0;
    %and;
T_32.4;
    %flag_set/vec4 8;
    %jmp/0xz  T_32.2, 8;
    %load/vec4 v0x61c3a88ec960_0;
    %addi 1, 0, 32;
    %assign/vec4 v0x61c3a88ec960_0, 0;
    %load/vec4 v0x61c3a88eca60_0;
    %pushi/vec4 0, 0, 24;
    %load/vec4 v0x61c3a88ecdd0_0;
    %concat/vec4; draw_concat_vec4
    %add;
    %assign/vec4 v0x61c3a88eca60_0, 0;
    %load/vec4 v0x61c3a88ed0c0_0;
    %flag_set/vec4 8;
    %jmp/0xz  T_32.5, 8;
    %load/vec4 v0x61c3a88ed3d0_0;
    %addi 1, 0, 32;
    %assign/vec4 v0x61c3a88ed3d0_0, 0;
T_32.5 ;
    %load/vec4 v0x61c3a88ecee0_0;
    %flag_set/vec4 8;
    %jmp/0xz  T_32.7, 8;
    %load/vec4 v0x61c3a88ecca0_0;
    %addi 1, 0, 32;
    %assign/vec4 v0x61c3a88ecca0_0, 0;
    %load/vec4 v0x61c3a88ed250_0;
    %addi 1, 0, 32;
    %assign/vec4 v0x61c3a88ed250_0, 0;
T_32.7 ;
T_32.2 ;
T_32.1 ;
    %jmp T_32;
    .thread T_32;
    .scope S_0x61c3a88ed6a0;
T_33 ;
    %wait E_0x61c3a8779f40;
    %load/vec4 v0x61c3a88ee390_0;
    %nor/r;
    %flag_set/vec4 8;
    %jmp/0xz  T_33.0, 8;
    %pushi/vec4 1, 0, 1;
    %assign/vec4 v0x61c3a88ee110_0, 0;
    %pushi/vec4 0, 0, 32;
    %assign/vec4 v0x61c3a88edb40_0, 0;
    %pushi/vec4 0, 0, 32;
    %assign/vec4 v0x61c3a88ee2f0_0, 0;
    %pushi/vec4 0, 0, 32;
    %assign/vec4 v0x61c3a88edc40_0, 0;
    %pushi/vec4 0, 0, 32;
    %assign/vec4 v0x61c3a88ee430_0, 0;
    %pushi/vec4 0, 0, 32;
    %assign/vec4 v0x61c3a88ede80_0, 0;
    %pushi/vec4 0, 0, 2;
    %assign/vec4 v0x61c3a88eddc0_0, 0;
    %jmp T_33.1;
T_33.0 ;
    %load/vec4 v0x61c3a88eddc0_0;
    %addi 1, 0, 2;
    %assign/vec4 v0x61c3a88eddc0_0, 0;
    %load/vec4 v0x61c3a88eddc0_0;
    %parti/s 1, 0, 2;
    %assign/vec4 v0x61c3a88ee110_0, 0;
    %load/vec4 v0x61c3a88ee250_0;
    %flag_set/vec4 9;
    %flag_get/vec4 9;
    %jmp/0 T_33.4, 9;
    %load/vec4 v0x61c3a88ee110_0;
    %and;
T_33.4;
    %flag_set/vec4 8;
    %jmp/0xz  T_33.2, 8;
    %load/vec4 v0x61c3a88edb40_0;
    %addi 1, 0, 32;
    %assign/vec4 v0x61c3a88edb40_0, 0;
    %load/vec4 v0x61c3a88edc40_0;
    %pushi/vec4 0, 0, 24;
    %load/vec4 v0x61c3a88edfb0_0;
    %concat/vec4; draw_concat_vec4
    %add;
    %assign/vec4 v0x61c3a88edc40_0, 0;
    %load/vec4 v0x61c3a88ee1b0_0;
    %flag_set/vec4 8;
    %jmp/0xz  T_33.5, 8;
    %load/vec4 v0x61c3a88ee430_0;
    %addi 1, 0, 32;
    %assign/vec4 v0x61c3a88ee430_0, 0;
T_33.5 ;
    %load/vec4 v0x61c3a88ee070_0;
    %flag_set/vec4 8;
    %jmp/0xz  T_33.7, 8;
    %load/vec4 v0x61c3a88ede80_0;
    %addi 1, 0, 32;
    %assign/vec4 v0x61c3a88ede80_0, 0;
    %load/vec4 v0x61c3a88ee2f0_0;
    %addi 1, 0, 32;
    %assign/vec4 v0x61c3a88ee2f0_0, 0;
T_33.7 ;
T_33.2 ;
T_33.1 ;
    %jmp T_33;
    .thread T_33;
    .scope S_0x61c3a88eb2d0;
T_34 ;
    %wait E_0x61c3a8779f40;
    %load/vec4 v0x61c3a88ec150_0;
    %nor/r;
    %flag_set/vec4 8;
    %jmp/0xz  T_34.0, 8;
    %pushi/vec4 1, 0, 1;
    %assign/vec4 v0x61c3a88ebdf0_0, 0;
    %pushi/vec4 0, 0, 32;
    %assign/vec4 v0x61c3a88eb750_0, 0;
    %pushi/vec4 0, 0, 32;
    %assign/vec4 v0x61c3a88ec070_0, 0;
    %pushi/vec4 0, 0, 32;
    %assign/vec4 v0x61c3a88eb850_0, 0;
    %pushi/vec4 0, 0, 32;
    %assign/vec4 v0x61c3a88ec1f0_0, 0;
    %pushi/vec4 0, 0, 32;
    %assign/vec4 v0x61c3a88ebac0_0, 0;
    %pushi/vec4 0, 0, 2;
    %assign/vec4 v0x61c3a88eba00_0, 0;
    %jmp T_34.1;
T_34.0 ;
    %load/vec4 v0x61c3a88eba00_0;
    %addi 1, 0, 2;
    %assign/vec4 v0x61c3a88eba00_0, 0;
    %pushi/vec4 1, 0, 1;
    %assign/vec4 v0x61c3a88ebdf0_0, 0;
    %load/vec4 v0x61c3a88ebf80_0;
    %flag_set/vec4 9;
    %flag_get/vec4 9;
    %jmp/0 T_34.4, 9;
    %load/vec4 v0x61c3a88ebdf0_0;
    %and;
T_34.4;
    %flag_set/vec4 8;
    %jmp/0xz  T_34.2, 8;
    %load/vec4 v0x61c3a88eb750_0;
    %addi 1, 0, 32;
    %assign/vec4 v0x61c3a88eb750_0, 0;
    %load/vec4 v0x61c3a88eb850_0;
    %pushi/vec4 0, 0, 24;
    %load/vec4 v0x61c3a88ebbf0_0;
    %concat/vec4; draw_concat_vec4
    %add;
    %assign/vec4 v0x61c3a88eb850_0, 0;
    %load/vec4 v0x61c3a88ebee0_0;
    %flag_set/vec4 8;
    %jmp/0xz  T_34.5, 8;
    %load/vec4 v0x61c3a88ec1f0_0;
    %addi 1, 0, 32;
    %assign/vec4 v0x61c3a88ec1f0_0, 0;
T_34.5 ;
    %load/vec4 v0x61c3a88ebd00_0;
    %flag_set/vec4 8;
    %jmp/0xz  T_34.7, 8;
    %load/vec4 v0x61c3a88ebac0_0;
    %addi 1, 0, 32;
    %assign/vec4 v0x61c3a88ebac0_0, 0;
    %load/vec4 v0x61c3a88ec070_0;
    %addi 1, 0, 32;
    %assign/vec4 v0x61c3a88ec070_0, 0;
T_34.7 ;
T_34.2 ;
T_34.1 ;
    %jmp T_34;
    .thread T_34;
    .scope S_0x61c3a88ee6a0;
T_35 ;
    %wait E_0x61c3a8779f40;
    %load/vec4 v0x61c3a88ef4c0_0;
    %nor/r;
    %flag_set/vec4 8;
    %jmp/0xz  T_35.0, 8;
    %pushi/vec4 1, 0, 1;
    %assign/vec4 v0x61c3a88ef160_0, 0;
    %pushi/vec4 0, 0, 32;
    %assign/vec4 v0x61c3a88eeaf0_0, 0;
    %pushi/vec4 0, 0, 32;
    %assign/vec4 v0x61c3a88ef3e0_0, 0;
    %pushi/vec4 0, 0, 32;
    %assign/vec4 v0x61c3a88eebf0_0, 0;
    %pushi/vec4 0, 0, 32;
    %assign/vec4 v0x61c3a88ef560_0, 0;
    %pushi/vec4 0, 0, 32;
    %assign/vec4 v0x61c3a88eee30_0, 0;
    %pushi/vec4 0, 0, 2;
    %assign/vec4 v0x61c3a88eed70_0, 0;
    %jmp T_35.1;
T_35.0 ;
    %load/vec4 v0x61c3a88eed70_0;
    %addi 1, 0, 2;
    %assign/vec4 v0x61c3a88eed70_0, 0;
    %pushi/vec4 1, 0, 1;
    %assign/vec4 v0x61c3a88ef160_0, 0;
    %load/vec4 v0x61c3a88ef2f0_0;
    %flag_set/vec4 9;
    %flag_get/vec4 9;
    %jmp/0 T_35.4, 9;
    %load/vec4 v0x61c3a88ef160_0;
    %and;
T_35.4;
    %flag_set/vec4 8;
    %jmp/0xz  T_35.2, 8;
    %load/vec4 v0x61c3a88eeaf0_0;
    %addi 1, 0, 32;
    %assign/vec4 v0x61c3a88eeaf0_0, 0;
    %load/vec4 v0x61c3a88eebf0_0;
    %pushi/vec4 0, 0, 24;
    %load/vec4 v0x61c3a88eef60_0;
    %concat/vec4; draw_concat_vec4
    %add;
    %assign/vec4 v0x61c3a88eebf0_0, 0;
    %load/vec4 v0x61c3a88ef250_0;
    %flag_set/vec4 8;
    %jmp/0xz  T_35.5, 8;
    %load/vec4 v0x61c3a88ef560_0;
    %addi 1, 0, 32;
    %assign/vec4 v0x61c3a88ef560_0, 0;
T_35.5 ;
    %load/vec4 v0x61c3a88ef070_0;
    %flag_set/vec4 8;
    %jmp/0xz  T_35.7, 8;
    %load/vec4 v0x61c3a88eee30_0;
    %addi 1, 0, 32;
    %assign/vec4 v0x61c3a88eee30_0, 0;
    %load/vec4 v0x61c3a88ef3e0_0;
    %addi 1, 0, 32;
    %assign/vec4 v0x61c3a88ef3e0_0, 0;
T_35.7 ;
T_35.2 ;
T_35.1 ;
    %jmp T_35;
    .thread T_35;
    .scope S_0x61c3a8886870;
T_36 ;
    %pushi/vec4 0, 0, 1;
    %store/vec4 v0x61c3a88f0d80_0, 0, 1;
    %pushi/vec4 0, 0, 1;
    %store/vec4 v0x61c3a88f98f0_0, 0, 1;
    %pushi/vec4 0, 0, 32;
    %store/vec4 v0x61c3a88f0fe0_0, 0, 32;
    %end;
    .thread T_36;
    .scope S_0x61c3a8886870;
T_37 ;
    %delay 5000, 0;
    %load/vec4 v0x61c3a88f0d80_0;
    %inv;
    %store/vec4 v0x61c3a88f0d80_0, 0, 1;
    %jmp T_37;
    .thread T_37;
    .scope S_0x61c3a8886870;
T_38 ;
    %pushi/vec4 0, 0, 8;
    %store/vec4 v0x61c3a88f27d0_0, 0, 8;
    %pushi/vec4 0, 0, 1;
    %store/vec4 v0x61c3a88f2c40_0, 0, 1;
    %pushi/vec4 0, 0, 1;
    %store/vec4 v0x61c3a88f2b50_0, 0, 1;
    %pushi/vec4 0, 0, 1;
    %store/vec4 v0x61c3a88f2890_0, 0, 1;
    %pushi/vec4 0, 0, 32;
    %store/vec4 v0x61c3a88f2980_0, 0, 32;
    %pushi/vec4 0, 0, 32;
    %store/vec4 v0x61c3a88f2610_0, 0, 32;
    %pushi/vec4 0, 0, 32;
    %store/vec4 v0x61c3a88f26f0_0, 0, 32;
    %pushi/vec4 0, 0, 32;
    %store/vec4 v0x61c3a88fb270_0, 0, 32;
    %pushi/vec4 0, 0, 32;
    %store/vec4 v0x61c3a88f0f20_0, 0, 32;
    %pushi/vec4 0, 0, 32;
    %store/vec4 v0x61c3a88f1600_0, 0, 32;
    %pushi/vec4 0, 0, 32;
    %store/vec4 v0x61c3a88f16e0_0, 0, 32;
    %pushi/vec4 0, 0, 32;
    %store/vec4 v0x61c3a88f17c0_0, 0, 32;
    %pushi/vec4 0, 0, 32;
    %store/vec4 v0x61c3a88f18a0_0, 0, 32;
    %pushi/vec4 0, 0, 32;
    %store/vec4 v0x61c3a88f1980_0, 0, 32;
    %pushi/vec4 0, 0, 32;
    %store/vec4 v0x61c3a88f10c0_0, 0, 32;
    %pushi/vec4 0, 0, 32;
    %store/vec4 v0x61c3a88f11f0_0, 0, 32;
    %pushi/vec4 0, 0, 32;
    %store/vec4 v0x61c3a88f12d0_0, 0, 32;
    %pushi/vec4 0, 0, 32;
    %store/vec4 v0x61c3a88f13b0_0, 0, 32;
    %pushi/vec4 0, 0, 32;
    %store/vec4 v0x61c3a88f1490_0, 0, 32;
    %pushi/vec4 0, 0, 1;
    %store/vec4 v0x61c3a88f2d30_0, 0, 1;
    %pushi/vec4 5, 0, 32;
T_38.0 %dup/vec4;
    %cmpi/s 0, 0, 32;
    %jmp/1xz T_38.1, 5;
    %jmp/1 T_38.1, 4;
    %subi 1, 0, 32;
    %wait E_0x61c3a877b420;
    %jmp T_38.0;
T_38.1 ;
    %pop/vec4 1;
    %pushi/vec4 1, 0, 1;
    %store/vec4 v0x61c3a88f98f0_0, 0, 1;
    %pushi/vec4 3, 0, 32;
T_38.2 %dup/vec4;
    %cmpi/s 0, 0, 32;
    %jmp/1xz T_38.3, 5;
    %jmp/1 T_38.3, 4;
    %subi 1, 0, 32;
    %wait E_0x61c3a877b420;
    %jmp T_38.2;
T_38.3 ;
    %pop/vec4 1;
    %vpi_call 2 474 "$display", "=== LOAD TEST: 500 packets, mixed dest, backpressure ===" {0 0 0};
    %pushi/vec4 1, 0, 1;
    %store/vec4 v0x61c3a88f2d30_0, 0, 1;
    %pushi/vec4 0, 0, 32;
    %store/vec4 v0x61c3a88f1eb0_0, 0, 32;
T_38.4 ; Top of for-loop
    %load/vec4 v0x61c3a88f1eb0_0;
    %cmpi/s 500, 0, 32;
	  %jmp/0xz T_38.5, 5;
    %load/vec4 v0x61c3a88f1eb0_0;
    %pushi/vec4 5, 0, 32;
    %mod/s;
    %store/vec4 v0x61c3a88f0f20_0, 0, 32;
    %pushi/vec4 1, 0, 32;
    %load/vec4 v0x61c3a88f1eb0_0;
    %pushi/vec4 16, 0, 32;
    %mod/s;
    %add;
    %store/vec4 v0x61c3a88f9850_0, 0, 32;
    %pushi/vec4 64, 0, 8;
    %load/vec4 v0x61c3a88f1eb0_0;
    %parti/s 4, 0, 2;
    %pad/u 8;
    %or;
    %store/vec4 v0x61c3a88f0e40_0, 0, 8;
    %load/vec4 v0x61c3a88f0f20_0;
    %dup/vec4;
    %pushi/vec4 0, 0, 32;
    %cmp/u;
    %jmp/1 T_38.7, 6;
    %dup/vec4;
    %pushi/vec4 1, 0, 32;
    %cmp/u;
    %jmp/1 T_38.8, 6;
    %dup/vec4;
    %pushi/vec4 2, 0, 32;
    %cmp/u;
    %jmp/1 T_38.9, 6;
    %dup/vec4;
    %pushi/vec4 3, 0, 32;
    %cmp/u;
    %jmp/1 T_38.10, 6;
    %pushi/vec4 3, 0, 8;
    %store/vec4 v0x61c3a88f8b30_0, 0, 8;
    %pushi/vec4 119, 0, 8;
    %store/vec4 v0x61c3a88f8bd0_0, 0, 8;
    %jmp T_38.12;
T_38.7 ;
    %pushi/vec4 1, 0, 8;
    %store/vec4 v0x61c3a88f8b30_0, 0, 8;
    %pushi/vec4 37, 0, 8;
    %store/vec4 v0x61c3a88f8bd0_0, 0, 8;
    %jmp T_38.12;
T_38.8 ;
    %pushi/vec4 1, 0, 8;
    %store/vec4 v0x61c3a88f8b30_0, 0, 8;
    %pushi/vec4 83, 0, 8;
    %store/vec4 v0x61c3a88f8bd0_0, 0, 8;
    %jmp T_38.12;
T_38.9 ;
    %pushi/vec4 2, 0, 8;
    %store/vec4 v0x61c3a88f8b30_0, 0, 8;
    %pushi/vec4 37, 0, 8;
    %store/vec4 v0x61c3a88f8bd0_0, 0, 8;
    %jmp T_38.12;
T_38.10 ;
    %pushi/vec4 2, 0, 8;
    %store/vec4 v0x61c3a88f8b30_0, 0, 8;
    %pushi/vec4 83, 0, 8;
    %store/vec4 v0x61c3a88f8bd0_0, 0, 8;
    %jmp T_38.12;
T_38.12 ;
    %pop/vec4 1;
    %load/vec4 v0x61c3a88f8b30_0;
    %store/vec4 v0x61c3a88ca680_0, 0, 8;
    %load/vec4 v0x61c3a88f8bd0_0;
    %store/vec4 v0x61c3a88ca770_0, 0, 8;
    %load/vec4 v0x61c3a88f0e40_0;
    %store/vec4 v0x61c3a88ca4a0_0, 0, 8;
    %load/vec4 v0x61c3a88f9850_0;
    %store/vec4 v0x61c3a88caaf0_0, 0, 32;
    %load/vec4 v0x61c3a88f1eb0_0;
    %parti/s 8, 0, 2;
    %store/vec4 v0x61c3a88cabd0_0, 0, 8;
    %fork TD_tb_load.inject_pkt, S_0x61c3a88ca2c0;
    %join;
T_38.6 ; for-loop step statement
    %load/vec4 v0x61c3a88f1eb0_0;
    %addi 1, 0, 32;
    %store/vec4 v0x61c3a88f1eb0_0, 0, 32;
    %jmp T_38.4;
T_38.5 ; for-loop exit label
    %pushi/vec4 0, 0, 1;
    %store/vec4 v0x61c3a88f2d30_0, 0, 1;
    %pushi/vec4 20000, 0, 32;
T_38.13 %dup/vec4;
    %cmpi/s 0, 0, 32;
    %jmp/1xz T_38.14, 5;
    %jmp/1 T_38.14, 4;
    %subi 1, 0, 32;
    %wait E_0x61c3a877b420;
    %jmp T_38.13;
T_38.14 ;
    %pop/vec4 1;
    %vpi_call 2 495 "$display", "\000" {0 0 0};
    %vpi_call 2 496 "$display", "--- Injection ---" {0 0 0};
    %vpi_call 2 497 "$display", "packets injected : %0d", v0x61c3a88f2980_0 {0 0 0};
    %vpi_call 2 498 "$display", "bytes injected   : %0d", v0x61c3a88f2610_0 {0 0 0};
    %vpi_call 2 499 "$display", "inject cycles    : %0d", v0x61c3a88f26f0_0 {0 0 0};
    %vpi_call 2 500 "$display", "stall cycles     : %0d", v0x61c3a88fb270_0 {0 0 0};
    %load/vec4 v0x61c3a88f26f0_0;
    %cmpi/s 0, 0, 32;
    %flag_or 5, 4; GT is !LE
    %flag_inv 5;
    %jmp/0xz  T_38.15, 5;
    %load/vec4 v0x61c3a88f26f0_0;
    %load/vec4 v0x61c3a88fb270_0;
    %sub;
    %muli 100, 0, 32;
    %load/vec4 v0x61c3a88f26f0_0;
    %div/s;
    %vpi_call 2 502 "$display", "offer duty       : %0d%%", S<0,vec4,s32> {1 0 0};
T_38.15 ;
    %vpi_call 2 504 "$display", "\000" {0 0 0};
    %vpi_call 2 505 "$display", "--- Packet delivery ---" {0 0 0};
    %pushi/vec4 0, 0, 32; draw_string_vec4
    %pushi/vec4 0, 0, 32; draw_string_vec4
    %concat/vec4; draw_string_vec4
    %pushi/vec4 0, 0, 32; draw_string_vec4
    %concat/vec4; draw_string_vec4
    %pushi/vec4 76, 0, 32; draw_string_vec4
    %concat/vec4; draw_string_vec4
    %pushi/vec4 824209007, 0, 32; draw_string_vec4
    %concat/vec4; draw_string_vec4
    %pushi/vec4 1684348976, 0, 32; draw_string_vec4
    %concat/vec4; draw_string_vec4
    %pushi/vec4 2016556320, 0, 32; draw_string_vec4
    %concat/vec4; draw_string_vec4
    %pushi/vec4 1886090355, 0, 32; draw_string_vec4
    %concat/vec4; draw_string_vec4
    %store/vec4 v0x61c3a888a140_0, 0, 256;
    %load/vec4 v0x61c3a88f9b70_0;
    %store/vec4 v0x61c3a8896650_0, 0, 32;
    %load/vec4 v0x61c3a88f1600_0;
    %store/vec4 v0x61c3a8896580_0, 0, 32;
    %fork TD_tb_load.check_eq, S_0x61c3a885f680;
    %join;
    %pushi/vec4 0, 0, 32; draw_string_vec4
    %pushi/vec4 0, 0, 32; draw_string_vec4
    %concat/vec4; draw_string_vec4
    %pushi/vec4 0, 0, 32; draw_string_vec4
    %concat/vec4; draw_string_vec4
    %pushi/vec4 76, 0, 32; draw_string_vec4
    %concat/vec4; draw_string_vec4
    %pushi/vec4 824209007, 0, 32; draw_string_vec4
    %concat/vec4; draw_string_vec4
    %pushi/vec4 1684348976, 0, 32; draw_string_vec4
    %concat/vec4; draw_string_vec4
    %pushi/vec4 2016752416, 0, 32; draw_string_vec4
    %concat/vec4; draw_string_vec4
    %pushi/vec4 1886090355, 0, 32; draw_string_vec4
    %concat/vec4; draw_string_vec4
    %store/vec4 v0x61c3a888a140_0, 0, 256;
    %load/vec4 v0x61c3a88f9e90_0;
    %store/vec4 v0x61c3a8896650_0, 0, 32;
    %load/vec4 v0x61c3a88f16e0_0;
    %store/vec4 v0x61c3a8896580_0, 0, 32;
    %fork TD_tb_load.check_eq, S_0x61c3a885f680;
    %join;
    %pushi/vec4 0, 0, 32; draw_string_vec4
    %pushi/vec4 0, 0, 32; draw_string_vec4
    %concat/vec4; draw_string_vec4
    %pushi/vec4 0, 0, 32; draw_string_vec4
    %concat/vec4; draw_string_vec4
    %pushi/vec4 76, 0, 32; draw_string_vec4
    %concat/vec4; draw_string_vec4
    %pushi/vec4 840986223, 0, 32; draw_string_vec4
    %concat/vec4; draw_string_vec4
    %pushi/vec4 1684348976, 0, 32; draw_string_vec4
    %concat/vec4; draw_string_vec4
    %pushi/vec4 2016556320, 0, 32; draw_string_vec4
    %concat/vec4; draw_string_vec4
    %pushi/vec4 1886090355, 0, 32; draw_string_vec4
    %concat/vec4; draw_string_vec4
    %store/vec4 v0x61c3a888a140_0, 0, 256;
    %load/vec4 v0x61c3a88fa4d0_0;
    %store/vec4 v0x61c3a8896650_0, 0, 32;
    %load/vec4 v0x61c3a88f17c0_0;
    %store/vec4 v0x61c3a8896580_0, 0, 32;
    %fork TD_tb_load.check_eq, S_0x61c3a885f680;
    %join;
    %pushi/vec4 0, 0, 32; draw_string_vec4
    %pushi/vec4 0, 0, 32; draw_string_vec4
    %concat/vec4; draw_string_vec4
    %pushi/vec4 0, 0, 32; draw_string_vec4
    %concat/vec4; draw_string_vec4
    %pushi/vec4 76, 0, 32; draw_string_vec4
    %concat/vec4; draw_string_vec4
    %pushi/vec4 840986223, 0, 32; draw_string_vec4
    %concat/vec4; draw_string_vec4
    %pushi/vec4 1684348976, 0, 32; draw_string_vec4
    %concat/vec4; draw_string_vec4
    %pushi/vec4 2016752416, 0, 32; draw_string_vec4
    %concat/vec4; draw_string_vec4
    %pushi/vec4 1886090355, 0, 32; draw_string_vec4
    %concat/vec4; draw_string_vec4
    %store/vec4 v0x61c3a888a140_0, 0, 256;
    %load/vec4 v0x61c3a88fa8b0_0;
    %store/vec4 v0x61c3a8896650_0, 0, 32;
    %load/vec4 v0x61c3a88f18a0_0;
    %store/vec4 v0x61c3a8896580_0, 0, 32;
    %fork TD_tb_load.check_eq, S_0x61c3a885f680;
    %join;
    %pushi/vec4 0, 0, 32; draw_string_vec4
    %pushi/vec4 0, 0, 32; draw_string_vec4
    %concat/vec4; draw_string_vec4
    %pushi/vec4 0, 0, 32; draw_string_vec4
    %concat/vec4; draw_string_vec4
    %pushi/vec4 115, 0, 32; draw_string_vec4
    %concat/vec4; draw_string_vec4
    %pushi/vec4 1885957733, 0, 32; draw_string_vec4
    %concat/vec4; draw_string_vec4
    %pushi/vec4 544235891, 0, 32; draw_string_vec4
    %concat/vec4; draw_string_vec4
    %pushi/vec4 1931505771, 0, 32; draw_string_vec4
    %concat/vec4; draw_string_vec4
    %pushi/vec4 1953701920, 0, 32; draw_string_vec4
    %concat/vec4; draw_string_vec4
    %store/vec4 v0x61c3a888a140_0, 0, 256;
    %load/vec4 v0x61c3a88fb0d0_0;
    %store/vec4 v0x61c3a8896650_0, 0, 32;
    %load/vec4 v0x61c3a88f1980_0;
    %store/vec4 v0x61c3a8896580_0, 0, 32;
    %fork TD_tb_load.check_eq, S_0x61c3a885f680;
    %join;
    %vpi_call 2 512 "$display", "\000" {0 0 0};
    %vpi_call 2 513 "$display", "--- SOP/EOP integrity ---" {0 0 0};
    %pushi/vec4 0, 0, 32; draw_string_vec4
    %pushi/vec4 0, 0, 32; draw_string_vec4
    %concat/vec4; draw_string_vec4
    %pushi/vec4 0, 0, 32; draw_string_vec4
    %concat/vec4; draw_string_vec4
    %pushi/vec4 0, 0, 32; draw_string_vec4
    %concat/vec4; draw_string_vec4
    %pushi/vec4 19505, 0, 32; draw_string_vec4
    %concat/vec4; draw_string_vec4
    %pushi/vec4 791819552, 0, 32; draw_string_vec4
    %concat/vec4; draw_string_vec4
    %pushi/vec4 1936683069, 0, 32; draw_string_vec4
    %concat/vec4; draw_string_vec4
    %pushi/vec4 1030057840, 0, 32; draw_string_vec4
    %concat/vec4; draw_string_vec4
    %store/vec4 v0x61c3a888a140_0, 0, 256;
    %load/vec4 v0x61c3a88f9c10_0;
    %store/vec4 v0x61c3a8896650_0, 0, 32;
    %load/vec4 v0x61c3a88f9ad0_0;
    %store/vec4 v0x61c3a8896580_0, 0, 32;
    %fork TD_tb_load.check_eq, S_0x61c3a885f680;
    %join;
    %pushi/vec4 0, 0, 32; draw_string_vec4
    %pushi/vec4 0, 0, 32; draw_string_vec4
    %concat/vec4; draw_string_vec4
    %pushi/vec4 0, 0, 32; draw_string_vec4
    %concat/vec4; draw_string_vec4
    %pushi/vec4 0, 0, 32; draw_string_vec4
    %concat/vec4; draw_string_vec4
    %pushi/vec4 19505, 0, 32; draw_string_vec4
    %concat/vec4; draw_string_vec4
    %pushi/vec4 792015648, 0, 32; draw_string_vec4
    %concat/vec4; draw_string_vec4
    %pushi/vec4 1936683069, 0, 32; draw_string_vec4
    %concat/vec4; draw_string_vec4
    %pushi/vec4 1030057840, 0, 32; draw_string_vec4
    %concat/vec4; draw_string_vec4
    %store/vec4 v0x61c3a888a140_0, 0, 256;
    %load/vec4 v0x61c3a88f9f30_0;
    %store/vec4 v0x61c3a8896650_0, 0, 32;
    %load/vec4 v0x61c3a88f9df0_0;
    %store/vec4 v0x61c3a8896580_0, 0, 32;
    %fork TD_tb_load.check_eq, S_0x61c3a885f680;
    %join;
    %pushi/vec4 0, 0, 32; draw_string_vec4
    %pushi/vec4 0, 0, 32; draw_string_vec4
    %concat/vec4; draw_string_vec4
    %pushi/vec4 0, 0, 32; draw_string_vec4
    %concat/vec4; draw_string_vec4
    %pushi/vec4 0, 0, 32; draw_string_vec4
    %concat/vec4; draw_string_vec4
    %pushi/vec4 19506, 0, 32; draw_string_vec4
    %concat/vec4; draw_string_vec4
    %pushi/vec4 791819552, 0, 32; draw_string_vec4
    %concat/vec4; draw_string_vec4
    %pushi/vec4 1936683069, 0, 32; draw_string_vec4
    %concat/vec4; draw_string_vec4
    %pushi/vec4 1030057840, 0, 32; draw_string_vec4
    %concat/vec4; draw_string_vec4
    %store/vec4 v0x61c3a888a140_0, 0, 256;
    %load/vec4 v0x61c3a88fa570_0;
    %store/vec4 v0x61c3a8896650_0, 0, 32;
    %load/vec4 v0x61c3a88fa430_0;
    %store/vec4 v0x61c3a8896580_0, 0, 32;
    %fork TD_tb_load.check_eq, S_0x61c3a885f680;
    %join;
    %pushi/vec4 0, 0, 32; draw_string_vec4
    %pushi/vec4 0, 0, 32; draw_string_vec4
    %concat/vec4; draw_string_vec4
    %pushi/vec4 0, 0, 32; draw_string_vec4
    %concat/vec4; draw_string_vec4
    %pushi/vec4 0, 0, 32; draw_string_vec4
    %concat/vec4; draw_string_vec4
    %pushi/vec4 19506, 0, 32; draw_string_vec4
    %concat/vec4; draw_string_vec4
    %pushi/vec4 792015648, 0, 32; draw_string_vec4
    %concat/vec4; draw_string_vec4
    %pushi/vec4 1936683069, 0, 32; draw_string_vec4
    %concat/vec4; draw_string_vec4
    %pushi/vec4 1030057840, 0, 32; draw_string_vec4
    %concat/vec4; draw_string_vec4
    %store/vec4 v0x61c3a888a140_0, 0, 256;
    %load/vec4 v0x61c3a88fa980_0;
    %store/vec4 v0x61c3a8896650_0, 0, 32;
    %load/vec4 v0x61c3a88fa7e0_0;
    %store/vec4 v0x61c3a8896580_0, 0, 32;
    %fork TD_tb_load.check_eq, S_0x61c3a885f680;
    %join;
    %pushi/vec4 0, 0, 32; draw_string_vec4
    %pushi/vec4 0, 0, 32; draw_string_vec4
    %concat/vec4; draw_string_vec4
    %pushi/vec4 0, 0, 32; draw_string_vec4
    %concat/vec4; draw_string_vec4
    %pushi/vec4 0, 0, 32; draw_string_vec4
    %concat/vec4; draw_string_vec4
    %pushi/vec4 28769, 0, 32; draw_string_vec4
    %concat/vec4; draw_string_vec4
    %pushi/vec4 1936924704, 0, 32; draw_string_vec4
    %concat/vec4; draw_string_vec4
    %pushi/vec4 1936683069, 0, 32; draw_string_vec4
    %concat/vec4; draw_string_vec4
    %pushi/vec4 1030057840, 0, 32; draw_string_vec4
    %concat/vec4; draw_string_vec4
    %store/vec4 v0x61c3a888a140_0, 0, 256;
    %load/vec4 v0x61c3a88fb1a0_0;
    %store/vec4 v0x61c3a8896650_0, 0, 32;
    %load/vec4 v0x61c3a88fb000_0;
    %store/vec4 v0x61c3a8896580_0, 0, 32;
    %fork TD_tb_load.check_eq, S_0x61c3a885f680;
    %join;
    %pushi/vec4 0, 0, 32; draw_string_vec4
    %pushi/vec4 0, 0, 32; draw_string_vec4
    %concat/vec4; draw_string_vec4
    %pushi/vec4 0, 0, 32; draw_string_vec4
    %concat/vec4; draw_string_vec4
    %pushi/vec4 0, 0, 32; draw_string_vec4
    %concat/vec4; draw_string_vec4
    %pushi/vec4 19505, 0, 32; draw_string_vec4
    %concat/vec4; draw_string_vec4
    %pushi/vec4 791819552, 0, 32; draw_string_vec4
    %concat/vec4; draw_string_vec4
    %pushi/vec4 1936683069, 0, 32; draw_string_vec4
    %concat/vec4; draw_string_vec4
    %pushi/vec4 1030777716, 0, 32; draw_string_vec4
    %concat/vec4; draw_string_vec4
    %store/vec4 v0x61c3a888a140_0, 0, 256;
    %load/vec4 v0x61c3a88f9c10_0;
    %store/vec4 v0x61c3a8896650_0, 0, 32;
    %load/vec4 v0x61c3a88f9b70_0;
    %store/vec4 v0x61c3a8896580_0, 0, 32;
    %fork TD_tb_load.check_eq, S_0x61c3a885f680;
    %join;
    %pushi/vec4 0, 0, 32; draw_string_vec4
    %pushi/vec4 0, 0, 32; draw_string_vec4
    %concat/vec4; draw_string_vec4
    %pushi/vec4 0, 0, 32; draw_string_vec4
    %concat/vec4; draw_string_vec4
    %pushi/vec4 0, 0, 32; draw_string_vec4
    %concat/vec4; draw_string_vec4
    %pushi/vec4 28769, 0, 32; draw_string_vec4
    %concat/vec4; draw_string_vec4
    %pushi/vec4 1936924704, 0, 32; draw_string_vec4
    %concat/vec4; draw_string_vec4
    %pushi/vec4 1936683069, 0, 32; draw_string_vec4
    %concat/vec4; draw_string_vec4
    %pushi/vec4 1030777716, 0, 32; draw_string_vec4
    %concat/vec4; draw_string_vec4
    %store/vec4 v0x61c3a888a140_0, 0, 256;
    %load/vec4 v0x61c3a88fb1a0_0;
    %store/vec4 v0x61c3a8896650_0, 0, 32;
    %load/vec4 v0x61c3a88fb0d0_0;
    %store/vec4 v0x61c3a8896580_0, 0, 32;
    %fork TD_tb_load.check_eq, S_0x61c3a885f680;
    %join;
    %vpi_call 2 522 "$display", "\000" {0 0 0};
    %vpi_call 2 523 "$display", "--- Checksums ---" {0 0 0};
    %pushi/vec4 0, 0, 32; draw_string_vec4
    %pushi/vec4 0, 0, 32; draw_string_vec4
    %concat/vec4; draw_string_vec4
    %pushi/vec4 0, 0, 32; draw_string_vec4
    %concat/vec4; draw_string_vec4
    %pushi/vec4 0, 0, 32; draw_string_vec4
    %concat/vec4; draw_string_vec4
    %pushi/vec4 19505, 0, 32; draw_string_vec4
    %concat/vec4; draw_string_vec4
    %pushi/vec4 791819552, 0, 32; draw_string_vec4
    %concat/vec4; draw_string_vec4
    %pushi/vec4 1667786083, 0, 32; draw_string_vec4
    %concat/vec4; draw_string_vec4
    %pushi/vec4 1802728813, 0, 32; draw_string_vec4
    %concat/vec4; draw_string_vec4
    %store/vec4 v0x61c3a888a140_0, 0, 256;
    %load/vec4 v0x61c3a88f9a30_0;
    %store/vec4 v0x61c3a8896650_0, 0, 32;
    %load/vec4 v0x61c3a88f10c0_0;
    %store/vec4 v0x61c3a8896580_0, 0, 32;
    %fork TD_tb_load.check_eq, S_0x61c3a885f680;
    %join;
    %pushi/vec4 0, 0, 32; draw_string_vec4
    %pushi/vec4 0, 0, 32; draw_string_vec4
    %concat/vec4; draw_string_vec4
    %pushi/vec4 0, 0, 32; draw_string_vec4
    %concat/vec4; draw_string_vec4
    %pushi/vec4 0, 0, 32; draw_string_vec4
    %concat/vec4; draw_string_vec4
    %pushi/vec4 19505, 0, 32; draw_string_vec4
    %concat/vec4; draw_string_vec4
    %pushi/vec4 792015648, 0, 32; draw_string_vec4
    %concat/vec4; draw_string_vec4
    %pushi/vec4 1667786083, 0, 32; draw_string_vec4
    %concat/vec4; draw_string_vec4
    %pushi/vec4 1802728813, 0, 32; draw_string_vec4
    %concat/vec4; draw_string_vec4
    %store/vec4 v0x61c3a888a140_0, 0, 256;
    %load/vec4 v0x61c3a88f9d50_0;
    %store/vec4 v0x61c3a8896650_0, 0, 32;
    %load/vec4 v0x61c3a88f11f0_0;
    %store/vec4 v0x61c3a8896580_0, 0, 32;
    %fork TD_tb_load.check_eq, S_0x61c3a885f680;
    %join;
    %pushi/vec4 0, 0, 32; draw_string_vec4
    %pushi/vec4 0, 0, 32; draw_string_vec4
    %concat/vec4; draw_string_vec4
    %pushi/vec4 0, 0, 32; draw_string_vec4
    %concat/vec4; draw_string_vec4
    %pushi/vec4 0, 0, 32; draw_string_vec4
    %concat/vec4; draw_string_vec4
    %pushi/vec4 19506, 0, 32; draw_string_vec4
    %concat/vec4; draw_string_vec4
    %pushi/vec4 791819552, 0, 32; draw_string_vec4
    %concat/vec4; draw_string_vec4
    %pushi/vec4 1667786083, 0, 32; draw_string_vec4
    %concat/vec4; draw_string_vec4
    %pushi/vec4 1802728813, 0, 32; draw_string_vec4
    %concat/vec4; draw_string_vec4
    %store/vec4 v0x61c3a888a140_0, 0, 256;
    %load/vec4 v0x61c3a88fa390_0;
    %store/vec4 v0x61c3a8896650_0, 0, 32;
    %load/vec4 v0x61c3a88f12d0_0;
    %store/vec4 v0x61c3a8896580_0, 0, 32;
    %fork TD_tb_load.check_eq, S_0x61c3a885f680;
    %join;
    %pushi/vec4 0, 0, 32; draw_string_vec4
    %pushi/vec4 0, 0, 32; draw_string_vec4
    %concat/vec4; draw_string_vec4
    %pushi/vec4 0, 0, 32; draw_string_vec4
    %concat/vec4; draw_string_vec4
    %pushi/vec4 0, 0, 32; draw_string_vec4
    %concat/vec4; draw_string_vec4
    %pushi/vec4 19506, 0, 32; draw_string_vec4
    %concat/vec4; draw_string_vec4
    %pushi/vec4 792015648, 0, 32; draw_string_vec4
    %concat/vec4; draw_string_vec4
    %pushi/vec4 1667786083, 0, 32; draw_string_vec4
    %concat/vec4; draw_string_vec4
    %pushi/vec4 1802728813, 0, 32; draw_string_vec4
    %concat/vec4; draw_string_vec4
    %store/vec4 v0x61c3a888a140_0, 0, 256;
    %load/vec4 v0x61c3a88fa710_0;
    %store/vec4 v0x61c3a8896650_0, 0, 32;
    %load/vec4 v0x61c3a88f13b0_0;
    %store/vec4 v0x61c3a8896580_0, 0, 32;
    %fork TD_tb_load.check_eq, S_0x61c3a885f680;
    %join;
    %pushi/vec4 0, 0, 32; draw_string_vec4
    %pushi/vec4 0, 0, 32; draw_string_vec4
    %concat/vec4; draw_string_vec4
    %pushi/vec4 0, 0, 32; draw_string_vec4
    %concat/vec4; draw_string_vec4
    %pushi/vec4 0, 0, 32; draw_string_vec4
    %concat/vec4; draw_string_vec4
    %pushi/vec4 28769, 0, 32; draw_string_vec4
    %concat/vec4; draw_string_vec4
    %pushi/vec4 1936924704, 0, 32; draw_string_vec4
    %concat/vec4; draw_string_vec4
    %pushi/vec4 1667786083, 0, 32; draw_string_vec4
    %concat/vec4; draw_string_vec4
    %pushi/vec4 1802728813, 0, 32; draw_string_vec4
    %concat/vec4; draw_string_vec4
    %store/vec4 v0x61c3a888a140_0, 0, 256;
    %load/vec4 v0x61c3a88faf30_0;
    %store/vec4 v0x61c3a8896650_0, 0, 32;
    %load/vec4 v0x61c3a88f1490_0;
    %store/vec4 v0x61c3a8896580_0, 0, 32;
    %fork TD_tb_load.check_eq, S_0x61c3a885f680;
    %join;
    %vpi_call 2 530 "$display", "\000" {0 0 0};
    %vpi_call 2 531 "$display", "--- Misroute guards (X-lane residual must be 0) ---" {0 0 0};
    %pushi/vec4 0, 0, 32; draw_string_vec4
    %pushi/vec4 0, 0, 32; draw_string_vec4
    %concat/vec4; draw_string_vec4
    %pushi/vec4 0, 0, 32; draw_string_vec4
    %concat/vec4; draw_string_vec4
    %pushi/vec4 19505, 0, 32; draw_string_vec4
    %concat/vec4; draw_string_vec4
    %pushi/vec4 542646386, 0, 32; draw_string_vec4
    %concat/vec4; draw_string_vec4
    %pushi/vec4 1702062436, 0, 32; draw_string_vec4
    %concat/vec4; draw_string_vec4
    %pushi/vec4 1969318944, 0, 32; draw_string_vec4
    %concat/vec4; draw_string_vec4
    %pushi/vec4 1886090355, 0, 32; draw_string_vec4
    %concat/vec4; draw_string_vec4
    %store/vec4 v0x61c3a888a140_0, 0, 256;
    %load/vec4 v0x61c3a88fa1b0_0;
    %store/vec4 v0x61c3a8896650_0, 0, 32;
    %pushi/vec4 0, 0, 32;
    %store/vec4 v0x61c3a8896580_0, 0, 32;
    %fork TD_tb_load.check_eq, S_0x61c3a885f680;
    %join;
    %pushi/vec4 0, 0, 32; draw_string_vec4
    %pushi/vec4 0, 0, 32; draw_string_vec4
    %concat/vec4; draw_string_vec4
    %pushi/vec4 0, 0, 32; draw_string_vec4
    %concat/vec4; draw_string_vec4
    %pushi/vec4 19506, 0, 32; draw_string_vec4
    %concat/vec4; draw_string_vec4
    %pushi/vec4 542646386, 0, 32; draw_string_vec4
    %concat/vec4; draw_string_vec4
    %pushi/vec4 1702062436, 0, 32; draw_string_vec4
    %concat/vec4; draw_string_vec4
    %pushi/vec4 1969318944, 0, 32; draw_string_vec4
    %concat/vec4; draw_string_vec4
    %pushi/vec4 1886090355, 0, 32; draw_string_vec4
    %concat/vec4; draw_string_vec4
    %store/vec4 v0x61c3a888a140_0, 0, 256;
    %load/vec4 v0x61c3a88facc0_0;
    %store/vec4 v0x61c3a8896650_0, 0, 32;
    %pushi/vec4 0, 0, 32;
    %store/vec4 v0x61c3a8896580_0, 0, 32;
    %fork TD_tb_load.check_eq, S_0x61c3a885f680;
    %join;
    %vpi_call 2 535 "$display", "\000" {0 0 0};
    %vpi_call 2 536 "$display", "--- Throughput snapshot ---" {0 0 0};
    %vpi_call 2 537 "$display", "L1/25 bytes=%0d pkts=%0d (50%% ready sink)", v0x61c3a88f9990_0, v0x61c3a88f9b70_0 {0 0 0};
    %vpi_call 2 538 "$display", "L1/53 bytes=%0d pkts=%0d (25%% ready sink)", v0x61c3a88f9cb0_0, v0x61c3a88f9e90_0 {0 0 0};
    %vpi_call 2 539 "$display", "L2/25 bytes=%0d pkts=%0d (100%% ready)", v0x61c3a88fa2f0_0, v0x61c3a88fa4d0_0 {0 0 0};
    %vpi_call 2 540 "$display", "L2/53 bytes=%0d pkts=%0d (50%% ready)", v0x61c3a88fa640_0, v0x61c3a88fa8b0_0 {0 0 0};
    %vpi_call 2 541 "$display", "pass  bytes=%0d pkts=%0d (100%% ready)", v0x61c3a88fae60_0, v0x61c3a88fb0d0_0 {0 0 0};
    %load/vec4 v0x61c3a88f0fe0_0;
    %cmpi/e 0, 0, 32;
    %jmp/0xz  T_38.17, 4;
    %vpi_call 2 544 "$display", "\012*** LOAD TEST PASSED (%0d packets) ***", v0x61c3a88f2980_0 {0 0 0};
    %jmp T_38.18;
T_38.17 ;
    %vpi_call 2 546 "$display", "\012*** LOAD TEST FAILED: %0d error(s) ***", v0x61c3a88f0fe0_0 {0 0 0};
T_38.18 ;
    %vpi_call 2 548 "$finish" {0 0 0};
    %end;
    .thread T_38;
    .scope S_0x61c3a8886870;
T_39 ;
    %delay 2755359744, 11;
    %vpi_call 2 553 "$display", "TIMEOUT under load" {0 0 0};
    %vpi_call 2 554 "$finish" {0 0 0};
    %end;
    .thread T_39;
# The file index is used to find the file name in the following table.
:file_names 8;
    "N/A";
    "<interactive>";
    "tb_load.v";
    "hfr.v";
    "z_ingress.v";
    "flit_gate.v";
    "node_eject.v";
    "xy_turn.v";
